"FECHA HECHO","COD_DEPTO","DEPARTAMENTO","COD_MUNI","MUNICIPIO","CANTIDAD"
"06/01/2003","63","QUINDIO","63130","CALARCA","1"
"06/01/2003","63","QUINDIO","63130","CALARCA","1"
"20/04/2003","63","QUINDIO","63130","CALARCA","1"
"20/04/2003","63","QUINDIO","63130","CALARCA","1"
"20/08/2003","63","QUINDIO","63130","CALARCA","1"
"20/08/2003","63","QUINDIO","63130","CALARCA","1"
"20/08/2003","63","QUINDIO","63130","CALARCA","1"
"05/09/2003","63","QUINDIO","63130","CALARCA","1"
"05/09/2003","63","QUINDIO","63130","CALARCA","1"
"19/10/2003","63","QUINDIO","63130","CALARCA","1"
"27/10/2003","63","QUINDIO","63130","CALARCA","1"
"08/11/2003","63","QUINDIO","63130","CALARCA","1"
"08/11/2003","63","QUINDIO","63130","CALARCA","1"
"08/11/2003","63","QUINDIO","63130","CALARCA","1"
"08/11/2003","63","QUINDIO","63130","CALARCA","1"
"08/11/2003","63","QUINDIO","63130","CALARCA","1"
"08/11/2003","63","QUINDIO","63130","CALARCA","1"
"24/11/2003","63","QUINDIO","63130","CALARCA","1"
"29/11/2003","63","QUINDIO","63130","CALARCA","1"
"15/12/2003","63","QUINDIO","63130","CALARCA","1"
"15/12/2003","63","QUINDIO","63130","CALARCA","1"
"22/12/2003","63","QUINDIO","63130","CALARCA","1"
"22/12/2003","63","QUINDIO","63130","CALARCA","1"
"24/04/2004","63","QUINDIO","63130","CALARCA","1"
"24/04/2004","63","QUINDIO","63130","CALARCA","1"
"24/04/2004","63","QUINDIO","63130","CALARCA","1"
"24/04/2004","63","QUINDIO","63130","CALARCA","1"
"24/04/2004","63","QUINDIO","63130","CALARCA","1"
"24/04/2004","63","QUINDIO","63130","CALARCA","1"
"24/04/2004","63","QUINDIO","63130","CALARCA","2"
"24/04/2004","63","QUINDIO","63130","CALARCA","2"
"29/04/2004","63","QUINDIO","63130","CALARCA","1"
"22/06/2004","63","QUINDIO","63130","CALARCA","5"
"22/06/2004","63","QUINDIO","63130","CALARCA","4"
"29/09/2004","63","QUINDIO","63130","CALARCA","1"
"29/09/2004","63","QUINDIO","63130","CALARCA","1"
"27/10/2004","63","QUINDIO","63130","CALARCA","1"
"24/12/2004","63","QUINDIO","63130","CALARCA","1"
"24/12/2004","63","QUINDIO","63130","CALARCA","1"
"24/12/2004","63","QUINDIO","63130","CALARCA","1"
"27/02/2005","63","QUINDIO","63130","CALARCA","1"
"21/06/2005","63","QUINDIO","63130","CALARCA","1"
"21/06/2005","63","QUINDIO","63130","CALARCA","1"
"21/07/2005","63","QUINDIO","63130","CALARCA","1"
"21/07/2005","63","QUINDIO","63130","CALARCA","1"
"27/07/2005","63","QUINDIO","63130","CALARCA","1"
"02/01/2006","63","QUINDIO","63130","CALARCA","1"
"23/04/2006","63","QUINDIO","63130","CALARCA","1"
"23/04/2006","63","QUINDIO","63130","CALARCA","1"
"23/04/2006","63","QUINDIO","63130","CALARCA","1"
"23/04/2006","63","QUINDIO","63130","CALARCA","1"
"23/04/2006","63","QUINDIO","63130","CALARCA","1"
"23/04/2006","63","QUINDIO","63130","CALARCA","1"
"23/04/2006","63","QUINDIO","63130","CALARCA","1"
"23/04/2006","63","QUINDIO","63130","CALARCA","1"
"13/05/2006","63","QUINDIO","63130","CALARCA","1"
"13/05/2006","63","QUINDIO","63130","CALARCA","1"
"13/05/2006","63","QUINDIO","63130","CALARCA","1"
"16/06/2006","63","QUINDIO","63130","CALARCA","1"
"06/08/2006","63","QUINDIO","63130","CALARCA","1"
"10/09/2006","63","QUINDIO","63130","CALARCA","1"
"24/09/2006","63","QUINDIO","63130","CALARCA","1"
"02/10/2006","63","QUINDIO","63130","CALARCA","1"
"02/10/2006","63","QUINDIO","63130","CALARCA","1"
"21/10/2006","63","QUINDIO","63130","CALARCA","1"
"21/10/2006","63","QUINDIO","63130","CALARCA","1"
"28/10/2006","63","QUINDIO","63130","CALARCA","1"
"05/11/2006","63","QUINDIO","63130","CALARCA","1"
"05/11/2006","63","QUINDIO","63130","CALARCA","1"
"11/11/2006","63","QUINDIO","63130","CALARCA","1"
"10/12/2006","63","QUINDIO","63130","CALARCA","1"
"10/12/2006","63","QUINDIO","63130","CALARCA","1"
"19/12/2006","63","QUINDIO","63130","CALARCA","1"
"25/12/2006","63","QUINDIO","63130","CALARCA","1"
"25/12/2006","63","QUINDIO","63130","CALARCA","1"
"25/12/2006","63","QUINDIO","63130","CALARCA","1"
"31/12/2006","63","QUINDIO","63130","CALARCA","1"
"02/01/2007","63","QUINDIO","63130","CALARCA","1"
"02/01/2007","63","QUINDIO","63130","CALARCA","1"
"03/01/2007","63","QUINDIO","63130","CALARCA","1"
"03/01/2007","63","QUINDIO","63130","CALARCA","1"
"05/01/2007","63","QUINDIO","63130","CALARCA","1"
"05/01/2007","63","QUINDIO","63130","CALARCA","1"
"06/01/2007","63","QUINDIO","63130","CALARCA","1"
"28/01/2007","63","QUINDIO","63130","CALARCA","1"
"02/02/2007","63","QUINDIO","63130","CALARCA","1"
"11/03/2007","63","QUINDIO","63130","CALARCA","1"
"12/03/2007","63","QUINDIO","63130","CALARCA","1"
"01/04/2007","63","QUINDIO","63130","CALARCA","1"
"03/04/2007","63","QUINDIO","63130","CALARCA","1"
"08/04/2007","63","QUINDIO","63130","CALARCA","1"
"12/04/2007","63","QUINDIO","63130","CALARCA","1"
"04/05/2007","63","QUINDIO","63130","CALARCA","1"
"18/05/2007","63","QUINDIO","63130","CALARCA","1"
"20/05/2007","63","QUINDIO","63130","CALARCA","1"
"28/05/2007","63","QUINDIO","63130","CALARCA","1"
"29/05/2007","63","QUINDIO","63130","CALARCA","1"
"05/06/2007","63","QUINDIO","63130","CALARCA","1"
"18/06/2007","63","QUINDIO","63130","CALARCA","1"
"19/06/2007","63","QUINDIO","63130","CALARCA","1"
"19/06/2007","63","QUINDIO","63130","CALARCA","1"
"14/07/2007","63","QUINDIO","63130","CALARCA","1"
"19/07/2007","63","QUINDIO","63130","CALARCA","1"
"04/08/2007","63","QUINDIO","63130","CALARCA","1"
"30/08/2007","63","QUINDIO","63130","CALARCA","1"
"30/08/2007","63","QUINDIO","63130","CALARCA","1"
"07/09/2007","63","QUINDIO","63130","CALARCA","1"
"08/09/2007","63","QUINDIO","63130","CALARCA","1"
"08/09/2007","63","QUINDIO","63130","CALARCA","1"
"08/09/2007","63","QUINDIO","63130","CALARCA","1"
"04/10/2007","63","QUINDIO","63130","CALARCA","1"
"08/10/2007","63","QUINDIO","63130","CALARCA","1"
"08/10/2007","63","QUINDIO","63130","CALARCA","1"
"20/10/2007","63","QUINDIO","63130","CALARCA","1"
"20/10/2007","63","QUINDIO","63130","CALARCA","1"
"14/11/2007","63","QUINDIO","63130","CALARCA","1"
"14/11/2007","63","QUINDIO","63130","CALARCA","1"
"29/11/2007","63","QUINDIO","63130","CALARCA","1"
"11/12/2007","63","QUINDIO","63130","CALARCA","1"
"13/12/2007","63","QUINDIO","63130","CALARCA","1"
"21/12/2007","63","QUINDIO","63130","CALARCA","1"
"01/01/2008","63","QUINDIO","63130","CALARCA","1"
"01/01/2008","63","QUINDIO","63130","CALARCA","1"
"01/01/2008","63","QUINDIO","63130","CALARCA","1"
"01/01/2008","63","QUINDIO","63130","CALARCA","1"
"01/01/2008","63","QUINDIO","63130","CALARCA","1"
"01/01/2008","63","QUINDIO","63130","CALARCA","1"
"12/01/2008","63","QUINDIO","63130","CALARCA","1"
"12/01/2008","63","QUINDIO","63130","CALARCA","1"
"22/01/2008","63","QUINDIO","63130","CALARCA","1"
"25/01/2008","63","QUINDIO","63130","CALARCA","1"
"26/01/2008","63","QUINDIO","63130","CALARCA","1"
"30/01/2008","63","QUINDIO","63130","CALARCA","1"
"05/02/2008","63","QUINDIO","63130","CALARCA","1"
"08/02/2008","63","QUINDIO","63130","CALARCA","1"
"08/02/2008","63","QUINDIO","63130","CALARCA","1"
"08/02/2008","63","QUINDIO","63130","CALARCA","1"
"08/02/2008","63","QUINDIO","63130","CALARCA","1"
"08/02/2008","63","QUINDIO","63130","CALARCA","1"
"31/03/2008","63","QUINDIO","63130","CALARCA","1"
"31/03/2008","63","QUINDIO","63130","CALARCA","1"
"31/03/2008","63","QUINDIO","63130","CALARCA","1"
"03/04/2008","63","QUINDIO","63130","CALARCA","1"
"06/04/2008","63","QUINDIO","63130","CALARCA","1"
"06/04/2008","63","QUINDIO","63130","CALARCA","1"
"09/05/2008","63","QUINDIO","63130","CALARCA","1"
"09/05/2008","63","QUINDIO","63130","CALARCA","1"
"09/05/2008","63","QUINDIO","63130","CALARCA","1"
"09/05/2008","63","QUINDIO","63130","CALARCA","1"
"09/05/2008","63","QUINDIO","63130","CALARCA","1"
"09/05/2008","63","QUINDIO","63130","CALARCA","1"
"10/05/2008","63","QUINDIO","63130","CALARCA","1"
"25/05/2008","63","QUINDIO","63130","CALARCA","1"
"12/07/2008","63","QUINDIO","63130","CALARCA","1"
"12/07/2008","63","QUINDIO","63130","CALARCA","1"
"12/07/2008","63","QUINDIO","63130","CALARCA","1"
"17/07/2008","63","QUINDIO","63130","CALARCA","1"
"23/07/2008","63","QUINDIO","63130","CALARCA","1"
"26/07/2008","63","QUINDIO","63130","CALARCA","1"
"22/08/2008","63","QUINDIO","63130","CALARCA","1"
"21/09/2008","63","QUINDIO","63130","CALARCA","1"
"05/10/2008","63","QUINDIO","63130","CALARCA","1"
"05/10/2008","63","QUINDIO","63130","CALARCA","1"
"13/10/2008","63","QUINDIO","63130","CALARCA","1"
"20/11/2008","63","QUINDIO","63130","CALARCA","1"
"10/12/2008","63","QUINDIO","63130","CALARCA","1"
"14/12/2008","63","QUINDIO","63130","CALARCA","1"
"14/12/2008","63","QUINDIO","63130","CALARCA","1"
"14/12/2008","63","QUINDIO","63130","CALARCA","1"
"17/12/2008","63","QUINDIO","63130","CALARCA","1"
"18/12/2008","63","QUINDIO","63130","CALARCA","1"
"23/12/2008","63","QUINDIO","63130","CALARCA","1"
"24/12/2008","63","QUINDIO","63130","CALARCA","1"
"24/12/2008","63","QUINDIO","63130","CALARCA","1"
"25/12/2008","63","QUINDIO","63130","CALARCA","1"
"25/12/2008","63","QUINDIO","63130","CALARCA","1"
"25/12/2008","63","QUINDIO","63130","CALARCA","1"
"30/12/2008","63","QUINDIO","63130","CALARCA","1"
"03/01/2009","63","QUINDIO","63130","CALARCA","1"
"05/01/2009","63","QUINDIO","63130","CALARCA","1"
"05/01/2009","63","QUINDIO","63130","CALARCA","1"
"05/01/2009","63","QUINDIO","63130","CALARCA","1"
"08/01/2009","63","QUINDIO","63130","CALARCA","1"
"09/01/2009","63","QUINDIO","63130","CALARCA","1"
"12/01/2009","63","QUINDIO","63130","CALARCA","1"
"13/01/2009","63","QUINDIO","63130","CALARCA","1"
"13/01/2009","63","QUINDIO","63130","CALARCA","1"
"16/01/2009","63","QUINDIO","63130","CALARCA","1"
"17/01/2009","63","QUINDIO","63130","CALARCA","1"
"17/01/2009","63","QUINDIO","63130","CALARCA","1"
"18/01/2009","63","QUINDIO","63130","CALARCA","1"
"18/01/2009","63","QUINDIO","63130","CALARCA","1"
"19/01/2009","63","QUINDIO","63130","CALARCA","1"
"19/01/2009","63","QUINDIO","63130","CALARCA","1"
"20/01/2009","63","QUINDIO","63130","CALARCA","1"
"21/01/2009","63","QUINDIO","63130","CALARCA","1"
"24/01/2009","63","QUINDIO","63130","CALARCA","1"
"27/01/2009","63","QUINDIO","63130","CALARCA","1"
"27/01/2009","63","QUINDIO","63130","CALARCA","1"
"01/02/2009","63","QUINDIO","63130","CALARCA","1"
"03/02/2009","63","QUINDIO","63130","CALARCA","1"
"17/02/2009","63","QUINDIO","63130","CALARCA","1"
"17/02/2009","63","QUINDIO","63130","CALARCA","1"
"18/02/2009","63","QUINDIO","63130","CALARCA","1"
"19/02/2009","63","QUINDIO","63130","CALARCA","1"
"21/02/2009","63","QUINDIO","63130","CALARCA","1"
"04/03/2009","63","QUINDIO","63130","CALARCA","1"
"06/03/2009","63","QUINDIO","63130","CALARCA","1"
"08/03/2009","63","QUINDIO","63130","CALARCA","1"
"08/03/2009","63","QUINDIO","63130","CALARCA","1"
"11/03/2009","63","QUINDIO","63130","CALARCA","1"
"13/03/2009","63","QUINDIO","63130","CALARCA","1"
"14/03/2009","63","QUINDIO","63130","CALARCA","1"
"19/03/2009","63","QUINDIO","63130","CALARCA","1"
"24/03/2009","63","QUINDIO","63130","CALARCA","1"
"24/03/2009","63","QUINDIO","63130","CALARCA","1"
"26/03/2009","63","QUINDIO","63130","CALARCA","1"
"27/03/2009","63","QUINDIO","63130","CALARCA","1"
"01/04/2009","63","QUINDIO","63130","CALARCA","1"
"03/04/2009","63","QUINDIO","63130","CALARCA","1"
"03/04/2009","63","QUINDIO","63130","CALARCA","1"
"04/04/2009","63","QUINDIO","63130","CALARCA","1"
"08/04/2009","63","QUINDIO","63130","CALARCA","1"
"08/04/2009","63","QUINDIO","63130","CALARCA","1"
"09/04/2009","63","QUINDIO","63130","CALARCA","1"
"11/04/2009","63","QUINDIO","63130","CALARCA","1"
"17/04/2009","63","QUINDIO","63130","CALARCA","1"
"20/04/2009","63","QUINDIO","63130","CALARCA","1"
"21/04/2009","63","QUINDIO","63130","CALARCA","1"
"25/04/2009","63","QUINDIO","63130","CALARCA","1"
"25/04/2009","63","QUINDIO","63130","CALARCA","1"
"28/04/2009","63","QUINDIO","63130","CALARCA","1"
"28/04/2009","63","QUINDIO","63130","CALARCA","1"
"01/05/2009","63","QUINDIO","63130","CALARCA","1"
"01/05/2009","63","QUINDIO","63130","CALARCA","1"
"01/05/2009","63","QUINDIO","63130","CALARCA","1"
"01/05/2009","63","QUINDIO","63130","CALARCA","1"
"01/05/2009","63","QUINDIO","63130","CALARCA","1"
"01/05/2009","63","QUINDIO","63130","CALARCA","1"
"01/05/2009","63","QUINDIO","63130","CALARCA","1"
"01/05/2009","63","QUINDIO","63130","CALARCA","1"
"02/05/2009","63","QUINDIO","63130","CALARCA","1"
"05/05/2009","63","QUINDIO","63130","CALARCA","1"
"12/05/2009","63","QUINDIO","63130","CALARCA","1"
"12/05/2009","63","QUINDIO","63130","CALARCA","1"
"15/05/2009","63","QUINDIO","63130","CALARCA","1"
"16/05/2009","63","QUINDIO","63130","CALARCA","1"
"16/05/2009","63","QUINDIO","63130","CALARCA","1"
"17/05/2009","63","QUINDIO","63130","CALARCA","1"
"17/05/2009","63","QUINDIO","63130","CALARCA","1"
"18/05/2009","63","QUINDIO","63130","CALARCA","1"
"24/05/2009","63","QUINDIO","63130","CALARCA","1"
"02/06/2009","63","QUINDIO","63130","CALARCA","1"
"07/06/2009","63","QUINDIO","63130","CALARCA","1"
"07/06/2009","63","QUINDIO","63130","CALARCA","1"
"13/06/2009","63","QUINDIO","63130","CALARCA","1"
"13/06/2009","63","QUINDIO","63130","CALARCA","1"
"14/06/2009","63","QUINDIO","63130","CALARCA","1"
"04/07/2009","63","QUINDIO","63130","CALARCA","1"
"04/07/2009","63","QUINDIO","63130","CALARCA","1"
"09/07/2009","63","QUINDIO","63130","CALARCA","1"
"11/07/2009","63","QUINDIO","63130","CALARCA","1"
"11/07/2009","63","QUINDIO","63130","CALARCA","1"
"13/07/2009","63","QUINDIO","63130","CALARCA","1"
"18/07/2009","63","QUINDIO","63130","CALARCA","1"
"18/07/2009","63","QUINDIO","63130","CALARCA","1"
"24/07/2009","63","QUINDIO","63130","CALARCA","1"
"25/07/2009","63","QUINDIO","63130","CALARCA","1"
"27/07/2009","63","QUINDIO","63130","CALARCA","1"
"27/07/2009","63","QUINDIO","63130","CALARCA","1"
"28/07/2009","63","QUINDIO","63130","CALARCA","1"
"28/07/2009","63","QUINDIO","63130","CALARCA","1"
"28/07/2009","63","QUINDIO","63130","CALARCA","1"
"29/07/2009","63","QUINDIO","63130","CALARCA","1"
"31/07/2009","63","QUINDIO","63130","CALARCA","1"
"03/08/2009","63","QUINDIO","63130","CALARCA","1"
"06/08/2009","63","QUINDIO","63130","CALARCA","1"
"06/08/2009","63","QUINDIO","63130","CALARCA","1"
"06/08/2009","63","QUINDIO","63130","CALARCA","1"
"06/08/2009","63","QUINDIO","63130","CALARCA","1"
"08/08/2009","63","QUINDIO","63130","CALARCA","1"
"11/08/2009","63","QUINDIO","63130","CALARCA","1"
"14/08/2009","63","QUINDIO","63130","CALARCA","1"
"14/08/2009","63","QUINDIO","63130","CALARCA","1"
"15/08/2009","63","QUINDIO","63130","CALARCA","1"
"15/08/2009","63","QUINDIO","63130","CALARCA","1"
"15/08/2009","63","QUINDIO","63130","CALARCA","1"
"15/08/2009","63","QUINDIO","63130","CALARCA","1"
"17/08/2009","63","QUINDIO","63130","CALARCA","1"
"19/08/2009","63","QUINDIO","63130","CALARCA","1"
"22/08/2009","63","QUINDIO","63130","CALARCA","1"
"22/08/2009","63","QUINDIO","63130","CALARCA","1"
"22/08/2009","63","QUINDIO","63130","CALARCA","1"
"24/08/2009","63","QUINDIO","63130","CALARCA","1"
"24/08/2009","63","QUINDIO","63130","CALARCA","1"
"31/08/2009","63","QUINDIO","63130","CALARCA","1"
"01/09/2009","63","QUINDIO","63130","CALARCA","1"
"01/09/2009","63","QUINDIO","63130","CALARCA","1"
"03/09/2009","63","QUINDIO","63130","CALARCA","1"
"04/09/2009","63","QUINDIO","63130","CALARCA","1"
"04/09/2009","63","QUINDIO","63130","CALARCA","1"
"05/09/2009","63","QUINDIO","63130","CALARCA","1"
"05/09/2009","63","QUINDIO","63130","CALARCA","1"
"11/09/2009","63","QUINDIO","63130","CALARCA","1"
"12/09/2009","63","QUINDIO","63130","CALARCA","1"
"13/09/2009","63","QUINDIO","63130","CALARCA","1"
"14/09/2009","63","QUINDIO","63130","CALARCA","1"
"16/09/2009","63","QUINDIO","63130","CALARCA","1"
"20/09/2009","63","QUINDIO","63130","CALARCA","1"
"20/09/2009","63","QUINDIO","63130","CALARCA","1"
"21/09/2009","63","QUINDIO","63130","CALARCA","1"
"22/09/2009","63","QUINDIO","63130","CALARCA","1"
"26/09/2009","63","QUINDIO","63130","CALARCA","1"
"28/09/2009","63","QUINDIO","63130","CALARCA","1"
"01/10/2009","63","QUINDIO","63130","CALARCA","1"
"04/10/2009","63","QUINDIO","63130","CALARCA","1"
"04/10/2009","63","QUINDIO","63130","CALARCA","1"
"04/10/2009","63","QUINDIO","63130","CALARCA","1"
"08/10/2009","63","QUINDIO","63130","CALARCA","1"
"10/10/2009","63","QUINDIO","63130","CALARCA","1"
"13/10/2009","63","QUINDIO","63130","CALARCA","1"
"14/10/2009","63","QUINDIO","63130","CALARCA","1"
"15/10/2009","63","QUINDIO","63130","CALARCA","1"
"16/10/2009","63","QUINDIO","63130","CALARCA","1"
"16/10/2009","63","QUINDIO","63130","CALARCA","1"
"17/10/2009","63","QUINDIO","63130","CALARCA","1"
"17/10/2009","63","QUINDIO","63130","CALARCA","1"
"17/10/2009","63","QUINDIO","63130","CALARCA","1"
"18/10/2009","63","QUINDIO","63130","CALARCA","1"
"22/10/2009","63","QUINDIO","63130","CALARCA","1"
"29/10/2009","63","QUINDIO","63130","CALARCA","1"
"30/10/2009","63","QUINDIO","63130","CALARCA","1"
"01/11/2009","63","QUINDIO","63130","CALARCA","1"
"04/11/2009","63","QUINDIO","63130","CALARCA","1"
"05/11/2009","63","QUINDIO","63130","CALARCA","1"
"10/11/2009","63","QUINDIO","63130","CALARCA","1"
"10/11/2009","63","QUINDIO","63130","CALARCA","1"
"18/11/2009","63","QUINDIO","63130","CALARCA","1"
"19/11/2009","63","QUINDIO","63130","CALARCA","1"
"19/11/2009","63","QUINDIO","63130","CALARCA","1"
"21/11/2009","63","QUINDIO","63130","CALARCA","1"
"21/11/2009","63","QUINDIO","63130","CALARCA","1"
"22/11/2009","63","QUINDIO","63130","CALARCA","1"
"25/11/2009","63","QUINDIO","63130","CALARCA","1"
"26/11/2009","63","QUINDIO","63130","CALARCA","1"
"03/12/2009","63","QUINDIO","63130","CALARCA","1"
"03/12/2009","63","QUINDIO","63130","CALARCA","1"
"03/12/2009","63","QUINDIO","63130","CALARCA","1"
"05/12/2009","63","QUINDIO","63130","CALARCA","1"
"10/12/2009","63","QUINDIO","63130","CALARCA","1"
"19/12/2009","63","QUINDIO","63130","CALARCA","1"
"19/12/2009","63","QUINDIO","63130","CALARCA","1"
"23/12/2009","63","QUINDIO","63130","CALARCA","1"
"23/12/2009","63","QUINDIO","63130","CALARCA","1"
"23/12/2009","63","QUINDIO","63130","CALARCA","1"
"24/12/2009","63","QUINDIO","63130","CALARCA","1"
"25/12/2009","63","QUINDIO","63130","CALARCA","1"
"27/12/2009","63","QUINDIO","63130","CALARCA","1"
"28/12/2009","63","QUINDIO","63130","CALARCA","1"
"01/01/2010","63","QUINDIO","63130","CALARCA","1"
"04/01/2010","63","QUINDIO","63130","CALARCA","1"
"05/01/2010","63","QUINDIO","63130","CALARCA","3"
"06/01/2010","63","QUINDIO","63130","CALARCA","1"
"08/01/2010","63","QUINDIO","63130","CALARCA","1"
"12/01/2010","63","QUINDIO","63130","CALARCA","1"
"15/01/2010","63","QUINDIO","63130","CALARCA","2"
"18/01/2010","63","QUINDIO","63130","CALARCA","2"
"22/01/2010","63","QUINDIO","63130","CALARCA","1"
"29/01/2010","63","QUINDIO","63130","CALARCA","3"
"30/01/2010","63","QUINDIO","63130","CALARCA","1"
"01/02/2010","63","QUINDIO","63130","CALARCA","1"
"03/02/2010","63","QUINDIO","63130","CALARCA","4"
"06/02/2010","63","QUINDIO","63130","CALARCA","1"
"07/02/2010","63","QUINDIO","63130","CALARCA","1"
"12/02/2010","63","QUINDIO","63130","CALARCA","2"
"15/02/2010","63","QUINDIO","63130","CALARCA","2"
"19/02/2010","63","QUINDIO","63130","CALARCA","1"
"20/02/2010","63","QUINDIO","63130","CALARCA","1"
"26/02/2010","63","QUINDIO","63130","CALARCA","1"
"27/02/2010","63","QUINDIO","63130","CALARCA","1"
"28/02/2010","63","QUINDIO","63130","CALARCA","7"
"01/03/2010","63","QUINDIO","63130","CALARCA","1"
"04/03/2010","63","QUINDIO","63130","CALARCA","1"
"14/03/2010","63","QUINDIO","63130","CALARCA","3"
"15/03/2010","63","QUINDIO","63130","CALARCA","1"
"21/03/2010","63","QUINDIO","63130","CALARCA","1"
"26/03/2010","63","QUINDIO","63130","CALARCA","1"
"28/03/2010","63","QUINDIO","63130","CALARCA","1"
"30/03/2010","63","QUINDIO","63130","CALARCA","1"
"31/03/2010","63","QUINDIO","63130","CALARCA","2"
"02/04/2010","63","QUINDIO","63130","CALARCA","1"
"03/04/2010","63","QUINDIO","63130","CALARCA","1"
"07/04/2010","63","QUINDIO","63130","CALARCA","1"
"19/04/2010","63","QUINDIO","63130","CALARCA","1"
"23/04/2010","63","QUINDIO","63130","CALARCA","1"
"24/04/2010","63","QUINDIO","63130","CALARCA","4"
"26/04/2010","63","QUINDIO","63130","CALARCA","1"
"29/04/2010","63","QUINDIO","63130","CALARCA","1"
"30/04/2010","63","QUINDIO","63130","CALARCA","1"
"01/05/2010","63","QUINDIO","63130","CALARCA","2"
"03/05/2010","63","QUINDIO","63130","CALARCA","2"
"06/05/2010","63","QUINDIO","63130","CALARCA","1"
"10/05/2010","63","QUINDIO","63130","CALARCA","1"
"12/05/2010","63","QUINDIO","63130","CALARCA","1"
"15/05/2010","63","QUINDIO","63130","CALARCA","1"
"20/05/2010","63","QUINDIO","63130","CALARCA","1"
"23/05/2010","63","QUINDIO","63130","CALARCA","2"
"25/05/2010","63","QUINDIO","63130","CALARCA","1"
"27/05/2010","63","QUINDIO","63130","CALARCA","1"
"08/06/2010","63","QUINDIO","63130","CALARCA","1"
"10/06/2010","63","QUINDIO","63130","CALARCA","1"
"12/06/2010","63","QUINDIO","63130","CALARCA","1"
"17/06/2010","63","QUINDIO","63130","CALARCA","1"
"20/06/2010","63","QUINDIO","63130","CALARCA","1"
"26/06/2010","63","QUINDIO","63130","CALARCA","1"
"08/07/2010","63","QUINDIO","63130","CALARCA","1"
"12/07/2010","63","QUINDIO","63130","CALARCA","1"
"21/07/2010","63","QUINDIO","63130","CALARCA","1"
"25/07/2010","63","QUINDIO","63130","CALARCA","1"
"02/08/2010","63","QUINDIO","63130","CALARCA","3"
"09/08/2010","63","QUINDIO","63130","CALARCA","1"
"11/08/2010","63","QUINDIO","63130","CALARCA","1"
"12/08/2010","63","QUINDIO","63130","CALARCA","2"
"15/08/2010","63","QUINDIO","63130","CALARCA","1"
"21/08/2010","63","QUINDIO","63130","CALARCA","1"
"23/08/2010","63","QUINDIO","63130","CALARCA","1"
"25/08/2010","63","QUINDIO","63130","CALARCA","1"
"27/08/2010","63","QUINDIO","63130","CALARCA","1"
"06/09/2010","63","QUINDIO","63130","CALARCA","3"
"12/09/2010","63","QUINDIO","63130","CALARCA","1"
"12/09/2010","63","QUINDIO","63130","CALARCA","2"
"15/09/2010","63","QUINDIO","63130","CALARCA","1"
"19/09/2010","63","QUINDIO","63130","CALARCA","1"
"20/09/2010","63","QUINDIO","63130","CALARCA","1"
"30/09/2010","63","QUINDIO","63130","CALARCA","1"
"01/10/2010","63","QUINDIO","63130","CALARCA","1"
"02/10/2010","63","QUINDIO","63130","CALARCA","1"
"05/10/2010","63","QUINDIO","63130","CALARCA","1"
"11/10/2010","63","QUINDIO","63130","CALARCA","1"
"12/10/2010","63","QUINDIO","63130","CALARCA","1"
"16/10/2010","63","QUINDIO","63130","CALARCA","2"
"17/10/2010","63","QUINDIO","63130","CALARCA","1"
"19/10/2010","63","QUINDIO","63130","CALARCA","3"
"20/10/2010","63","QUINDIO","63130","CALARCA","2"
"25/10/2010","63","QUINDIO","63130","CALARCA","1"
"26/10/2010","63","QUINDIO","63130","CALARCA","1"
"27/10/2010","63","QUINDIO","63130","CALARCA","1"
"29/10/2010","63","QUINDIO","63130","CALARCA","1"
"01/11/2010","63","QUINDIO","63130","CALARCA","1"
"03/11/2010","63","QUINDIO","63130","CALARCA","1"
"04/11/2010","63","QUINDIO","63130","CALARCA","1"
"08/11/2010","63","QUINDIO","63130","CALARCA","2"
"09/11/2010","63","QUINDIO","63130","CALARCA","2"
"10/11/2010","63","QUINDIO","63130","CALARCA","1"
"12/11/2010","63","QUINDIO","63130","CALARCA","1"
"16/11/2010","63","QUINDIO","63130","CALARCA","2"
"25/11/2010","63","QUINDIO","63130","CALARCA","1"
"29/11/2010","63","QUINDIO","63130","CALARCA","1"
"01/12/2010","63","QUINDIO","63130","CALARCA","2"
"04/12/2010","63","QUINDIO","63130","CALARCA","3"
"20/12/2010","63","QUINDIO","63130","CALARCA","2"
"27/12/2010","63","QUINDIO","63130","CALARCA","2"
"01/01/2011","63","QUINDIO","63130","CALARCA","1"
"05/01/2011","63","QUINDIO","63130","CALARCA","1"
"08/01/2011","63","QUINDIO","63130","CALARCA","2"
"16/01/2011","63","QUINDIO","63130","CALARCA","2"
"20/01/2011","63","QUINDIO","63130","CALARCA","1"
"22/01/2011","63","QUINDIO","63130","CALARCA","2"
"27/01/2011","63","QUINDIO","63130","CALARCA","2"
"28/01/2011","63","QUINDIO","63130","CALARCA","1"
"29/01/2011","63","QUINDIO","63130","CALARCA","1"
"04/02/2011","63","QUINDIO","63130","CALARCA","1"
"06/02/2011","63","QUINDIO","63130","CALARCA","5"
"07/02/2011","63","QUINDIO","63130","CALARCA","1"
"08/02/2011","63","QUINDIO","63130","CALARCA","1"
"10/02/2011","63","QUINDIO","63130","CALARCA","1"
"15/02/2011","63","QUINDIO","63130","CALARCA","1"
"19/02/2011","63","QUINDIO","63130","CALARCA","1"
"28/02/2011","63","QUINDIO","63130","CALARCA","1"
"02/03/2011","63","QUINDIO","63130","CALARCA","1"
"04/03/2011","63","QUINDIO","63130","CALARCA","1"
"05/03/2011","63","QUINDIO","63130","CALARCA","2"
"08/03/2011","63","QUINDIO","63130","CALARCA","3"
"09/03/2011","63","QUINDIO","63130","CALARCA","1"
"11/03/2011","63","QUINDIO","63130","CALARCA","1"
"14/03/2011","63","QUINDIO","63130","CALARCA","1"
"18/03/2011","63","QUINDIO","63130","CALARCA","1"
"19/03/2011","63","QUINDIO","63130","CALARCA","1"
"20/03/2011","63","QUINDIO","63130","CALARCA","4"
"25/03/2011","63","QUINDIO","63130","CALARCA","1"
"28/03/2011","63","QUINDIO","63130","CALARCA","1"
"04/04/2011","63","QUINDIO","63130","CALARCA","1"
"08/04/2011","63","QUINDIO","63130","CALARCA","1"
"09/04/2011","63","QUINDIO","63130","CALARCA","1"
"10/04/2011","63","QUINDIO","63130","CALARCA","1"
"13/04/2011","63","QUINDIO","63130","CALARCA","1"
"18/04/2011","63","QUINDIO","63130","CALARCA","1"
"22/04/2011","63","QUINDIO","63130","CALARCA","1"
"24/04/2011","63","QUINDIO","63130","CALARCA","2"
"25/04/2011","63","QUINDIO","63130","CALARCA","1"
"26/04/2011","63","QUINDIO","63130","CALARCA","1"
"27/04/2011","63","QUINDIO","63130","CALARCA","1"
"29/04/2011","63","QUINDIO","63130","CALARCA","1"
"02/05/2011","63","QUINDIO","63130","CALARCA","2"
"04/05/2011","63","QUINDIO","63130","CALARCA","7"
"09/05/2011","63","QUINDIO","63130","CALARCA","1"
"19/05/2011","63","QUINDIO","63130","CALARCA","2"
"26/05/2011","63","QUINDIO","63130","CALARCA","1"
"27/05/2011","63","QUINDIO","63130","CALARCA","1"
"02/06/2011","63","QUINDIO","63130","CALARCA","1"
"09/06/2011","63","QUINDIO","63130","CALARCA","2"
"14/06/2011","63","QUINDIO","63130","CALARCA","1"
"16/06/2011","63","QUINDIO","63130","CALARCA","1"
"21/06/2011","63","QUINDIO","63130","CALARCA","1"
"06/07/2011","63","QUINDIO","63130","CALARCA","2"
"09/07/2011","63","QUINDIO","63130","CALARCA","1"
"13/07/2011","63","QUINDIO","63130","CALARCA","1"
"18/07/2011","63","QUINDIO","63130","CALARCA","2"
"10/08/2011","63","QUINDIO","63130","CALARCA","1"
"26/08/2011","63","QUINDIO","63130","CALARCA","1"
"28/08/2011","63","QUINDIO","63130","CALARCA","1"
"01/09/2011","63","QUINDIO","63130","CALARCA","1"
"03/09/2011","63","QUINDIO","63130","CALARCA","1"
"12/09/2011","63","QUINDIO","63130","CALARCA","1"
"16/09/2011","63","QUINDIO","63130","CALARCA","2"
"17/09/2011","63","QUINDIO","63130","CALARCA","2"
"25/09/2011","63","QUINDIO","63130","CALARCA","1"
"30/09/2011","63","QUINDIO","63130","CALARCA","3"
"03/10/2011","63","QUINDIO","63130","CALARCA","1"
"15/10/2011","63","QUINDIO","63130","CALARCA","1"
"13/11/2011","63","QUINDIO","63130","CALARCA","3"
"18/11/2011","63","QUINDIO","63130","CALARCA","4"
"20/11/2011","63","QUINDIO","63130","CALARCA","1"
"14/12/2011","63","QUINDIO","63130","CALARCA","1"
"06/01/2012","63","QUINDIO","63130","CALARCA","1"
"09/01/2012","63","QUINDIO","63130","CALARCA","1"
"11/01/2012","63","QUINDIO","63130","CALARCA","1"
"16/01/2012","63","QUINDIO","63130","CALARCA","1"
"18/01/2012","63","QUINDIO","63130","CALARCA","1"
"20/01/2012","63","QUINDIO","63130","CALARCA","1"
"21/01/2012","63","QUINDIO","63130","CALARCA","1"
"22/01/2012","63","QUINDIO","63130","CALARCA","2"
"28/01/2012","63","QUINDIO","63130","CALARCA","8"
"29/01/2012","63","QUINDIO","63130","CALARCA","1"
"01/02/2012","63","QUINDIO","63130","CALARCA","2"
"03/02/2012","63","QUINDIO","63130","CALARCA","1"
"05/02/2012","63","QUINDIO","63130","CALARCA","1"
"08/02/2012","63","QUINDIO","63130","CALARCA","1"
"14/02/2012","63","QUINDIO","63130","CALARCA","1"
"20/02/2012","63","QUINDIO","63130","CALARCA","2"
"21/02/2012","63","QUINDIO","63130","CALARCA","1"
"22/02/2012","63","QUINDIO","63130","CALARCA","1"
"27/02/2012","63","QUINDIO","63130","CALARCA","2"
"29/02/2012","63","QUINDIO","63130","CALARCA","1"
"01/03/2012","63","QUINDIO","63130","CALARCA","2"
"09/03/2012","63","QUINDIO","63130","CALARCA","1"
"12/03/2012","63","QUINDIO","63130","CALARCA","1"
"19/03/2012","63","QUINDIO","63130","CALARCA","1"
"21/03/2012","63","QUINDIO","63130","CALARCA","1"
"23/03/2012","63","QUINDIO","63130","CALARCA","1"
"24/03/2012","63","QUINDIO","63130","CALARCA","2"
"25/03/2012","63","QUINDIO","63130","CALARCA","1"
"26/03/2012","63","QUINDIO","63130","CALARCA","2"
"31/03/2012","63","QUINDIO","63130","CALARCA","1"
"01/04/2012","63","QUINDIO","63130","CALARCA","1"
"09/04/2012","63","QUINDIO","63130","CALARCA","1"
"12/04/2012","63","QUINDIO","63130","CALARCA","2"
"20/04/2012","63","QUINDIO","63130","CALARCA","1"
"24/04/2012","63","QUINDIO","63130","CALARCA","1"
"27/04/2012","63","QUINDIO","63130","CALARCA","1"
"04/05/2012","63","QUINDIO","63130","CALARCA","3"
"07/05/2012","63","QUINDIO","63130","CALARCA","2"
"08/05/2012","63","QUINDIO","63130","CALARCA","2"
"10/05/2012","63","QUINDIO","63130","CALARCA","1"
"16/05/2012","63","QUINDIO","63130","CALARCA","1"
"22/05/2012","63","QUINDIO","63130","CALARCA","1"
"01/06/2012","63","QUINDIO","63130","CALARCA","1"
"11/06/2012","63","QUINDIO","63130","CALARCA","1"
"18/06/2012","63","QUINDIO","63130","CALARCA","1"
"21/06/2012","63","QUINDIO","63130","CALARCA","1"
"24/06/2012","63","QUINDIO","63130","CALARCA","3"
"29/06/2012","63","QUINDIO","63130","CALARCA","1"
"07/07/2012","63","QUINDIO","63130","CALARCA","1"
"09/07/2012","63","QUINDIO","63130","CALARCA","1"
"15/07/2012","63","QUINDIO","63130","CALARCA","1"
"17/07/2012","63","QUINDIO","63130","CALARCA","2"
"19/07/2012","63","QUINDIO","63130","CALARCA","1"
"23/07/2012","63","QUINDIO","63130","CALARCA","4"
"24/07/2012","63","QUINDIO","63130","CALARCA","1"
"30/07/2012","63","QUINDIO","63130","CALARCA","1"
"03/08/2012","63","QUINDIO","63130","CALARCA","1"
"04/08/2012","63","QUINDIO","63130","CALARCA","4"
"06/08/2012","63","QUINDIO","63130","CALARCA","1"
"10/08/2012","63","QUINDIO","63130","CALARCA","2"
"19/08/2012","63","QUINDIO","63130","CALARCA","1"
"28/08/2012","63","QUINDIO","63130","CALARCA","1"
"03/09/2012","63","QUINDIO","63130","CALARCA","2"
"15/09/2012","63","QUINDIO","63130","CALARCA","1"
"17/09/2012","63","QUINDIO","63130","CALARCA","3"
"22/09/2012","63","QUINDIO","63130","CALARCA","2"
"26/09/2012","63","QUINDIO","63130","CALARCA","1"
"29/09/2012","63","QUINDIO","63130","CALARCA","1"
"04/10/2012","63","QUINDIO","63130","CALARCA","1"
"05/10/2012","63","QUINDIO","63130","CALARCA","3"
"09/10/2012","63","QUINDIO","63130","CALARCA","1"
"26/10/2012","63","QUINDIO","63130","CALARCA","2"
"07/11/2012","63","QUINDIO","63130","CALARCA","1"
"11/11/2012","63","QUINDIO","63130","CALARCA","1"
"14/11/2012","63","QUINDIO","63130","CALARCA","1"
"16/11/2012","63","QUINDIO","63130","CALARCA","1"
"18/11/2012","63","QUINDIO","63130","CALARCA","1"
"22/11/2012","63","QUINDIO","63130","CALARCA","2"
"23/11/2012","63","QUINDIO","63130","CALARCA","1"
"01/12/2012","63","QUINDIO","63130","CALARCA","2"
"09/12/2012","63","QUINDIO","63130","CALARCA","1"
"27/12/2012","63","QUINDIO","63130","CALARCA","1"
"31/12/2012","63","QUINDIO","63130","CALARCA","3"
"01/01/2013","63","QUINDIO","63130","CALARCA","4"
"04/01/2013","63","QUINDIO","63130","CALARCA","1"
"06/01/2013","63","QUINDIO","63130","CALARCA","2"
"08/01/2013","63","QUINDIO","63130","CALARCA","2"
"09/01/2013","63","QUINDIO","63130","CALARCA","1"
"12/01/2013","63","QUINDIO","63130","CALARCA","3"
"13/01/2013","63","QUINDIO","63130","CALARCA","1"
"14/01/2013","63","QUINDIO","63130","CALARCA","1"
"17/01/2013","63","QUINDIO","63130","CALARCA","1"
"19/01/2013","63","QUINDIO","63130","CALARCA","1"
"20/01/2013","63","QUINDIO","63130","CALARCA","1"
"24/01/2013","63","QUINDIO","63130","CALARCA","2"
"28/01/2013","63","QUINDIO","63130","CALARCA","1"
"31/01/2013","63","QUINDIO","63130","CALARCA","1"
"01/02/2013","63","QUINDIO","63130","CALARCA","3"
"02/02/2013","63","QUINDIO","63130","CALARCA","2"
"03/02/2013","63","QUINDIO","63130","CALARCA","1"
"06/02/2013","63","QUINDIO","63130","CALARCA","1"
"07/02/2013","63","QUINDIO","63130","CALARCA","1"
"08/02/2013","63","QUINDIO","63130","CALARCA","1"
"09/02/2013","63","QUINDIO","63130","CALARCA","2"
"10/02/2013","63","QUINDIO","63130","CALARCA","3"
"12/02/2013","63","QUINDIO","63130","CALARCA","3"
"15/02/2013","63","QUINDIO","63130","CALARCA","1"
"18/02/2013","63","QUINDIO","63130","CALARCA","1"
"21/02/2013","63","QUINDIO","63130","CALARCA","1"
"02/03/2013","63","QUINDIO","63130","CALARCA","1"
"04/03/2013","63","QUINDIO","63130","CALARCA","2"
"09/03/2013","63","QUINDIO","63130","CALARCA","1"
"12/03/2013","63","QUINDIO","63130","CALARCA","2"
"13/03/2013","63","QUINDIO","63130","CALARCA","3"
"16/03/2013","63","QUINDIO","63130","CALARCA","1"
"17/03/2013","63","QUINDIO","63130","CALARCA","2"
"26/03/2013","63","QUINDIO","63130","CALARCA","2"
"29/03/2013","63","QUINDIO","63130","CALARCA","1"
"09/04/2013","63","QUINDIO","63130","CALARCA","2"
"13/04/2013","63","QUINDIO","63130","CALARCA","1"
"22/04/2013","63","QUINDIO","63130","CALARCA","2"
"23/04/2013","63","QUINDIO","63130","CALARCA","1"
"24/04/2013","63","QUINDIO","63130","CALARCA","1"
"29/04/2013","63","QUINDIO","63130","CALARCA","2"
"30/04/2013","63","QUINDIO","63130","CALARCA","4"
"11/05/2013","63","QUINDIO","63130","CALARCA","1"
"18/05/2013","63","QUINDIO","63130","CALARCA","2"
"03/06/2013","63","QUINDIO","63130","CALARCA","5"
"04/06/2013","63","QUINDIO","63130","CALARCA","1"
"13/06/2013","63","QUINDIO","63130","CALARCA","1"
"30/06/2013","63","QUINDIO","63130","CALARCA","1"
"01/07/2013","63","QUINDIO","63130","CALARCA","7"
"04/07/2013","63","QUINDIO","63130","CALARCA","2"
"06/07/2013","63","QUINDIO","63130","CALARCA","3"
"08/07/2013","63","QUINDIO","63130","CALARCA","1"
"13/07/2013","63","QUINDIO","63130","CALARCA","1"
"16/07/2013","63","QUINDIO","63130","CALARCA","2"
"18/07/2013","63","QUINDIO","63130","CALARCA","1"
"20/07/2013","63","QUINDIO","63130","CALARCA","1"
"22/07/2013","63","QUINDIO","63130","CALARCA","1"
"29/07/2013","63","QUINDIO","63130","CALARCA","2"
"30/07/2013","63","QUINDIO","63130","CALARCA","3"
"02/08/2013","63","QUINDIO","63130","CALARCA","1"
"04/08/2013","63","QUINDIO","63130","CALARCA","1"
"05/08/2013","63","QUINDIO","63130","CALARCA","1"
"11/08/2013","63","QUINDIO","63130","CALARCA","1"
"21/08/2013","63","QUINDIO","63130","CALARCA","1"
"25/08/2013","63","QUINDIO","63130","CALARCA","1"
"02/09/2013","63","QUINDIO","63130","CALARCA","1"
"03/09/2013","63","QUINDIO","63130","CALARCA","2"
"09/09/2013","63","QUINDIO","63130","CALARCA","2"
"10/09/2013","63","QUINDIO","63130","CALARCA","1"
"15/09/2013","63","QUINDIO","63130","CALARCA","1"
"17/09/2013","63","QUINDIO","63130","CALARCA","2"
"19/09/2013","63","QUINDIO","63130","CALARCA","1"
"24/09/2013","63","QUINDIO","63130","CALARCA","1"
"25/09/2013","63","QUINDIO","63130","CALARCA","2"
"27/09/2013","63","QUINDIO","63130","CALARCA","1"
"30/09/2013","63","QUINDIO","63130","CALARCA","1"
"05/10/2013","63","QUINDIO","63130","CALARCA","2"
"08/10/2013","63","QUINDIO","63130","CALARCA","1"
"13/10/2013","63","QUINDIO","63130","CALARCA","2"
"18/10/2013","63","QUINDIO","63130","CALARCA","1"
"26/10/2013","63","QUINDIO","63130","CALARCA","5"
"27/10/2013","63","QUINDIO","63130","CALARCA","2"
"14/11/2013","63","QUINDIO","63130","CALARCA","2"
"16/11/2013","63","QUINDIO","63130","CALARCA","1"
"19/11/2013","63","QUINDIO","63130","CALARCA","1"
"30/11/2013","63","QUINDIO","63130","CALARCA","2"
"03/12/2013","63","QUINDIO","63130","CALARCA","1"
"06/12/2013","63","QUINDIO","63130","CALARCA","2"
"07/12/2013","63","QUINDIO","63130","CALARCA","1"
"14/12/2013","63","QUINDIO","63130","CALARCA","1"
"16/12/2013","63","QUINDIO","63130","CALARCA","1"
"20/12/2013","63","QUINDIO","63130","CALARCA","2"
"22/12/2013","63","QUINDIO","63130","CALARCA","1"
"23/12/2013","63","QUINDIO","63130","CALARCA","1"
"24/12/2013","63","QUINDIO","63130","CALARCA","1"
"03/01/2014","63","QUINDIO","63130","CALARCA","3"
"10/01/2014","63","QUINDIO","63130","CALARCA","1"
"12/01/2014","63","QUINDIO","63130","CALARCA","3"
"23/01/2014","63","QUINDIO","63130","CALARCA","1"
"25/01/2014","63","QUINDIO","63130","CALARCA","1"
"02/02/2014","63","QUINDIO","63130","CALARCA","1"
"04/02/2014","63","QUINDIO","63130","CALARCA","2"
"07/02/2014","63","QUINDIO","63130","CALARCA","1"
"13/02/2014","63","QUINDIO","63130","CALARCA","1"
"16/02/2014","63","QUINDIO","63130","CALARCA","3"
"02/03/2014","63","QUINDIO","63130","CALARCA","1"
"03/03/2014","63","QUINDIO","63130","CALARCA","1"
"09/03/2014","63","QUINDIO","63130","CALARCA","1"
"09/03/2014","63","QUINDIO","63130","CALARCA","2"
"10/03/2014","63","QUINDIO","63130","CALARCA","1"
"15/03/2014","63","QUINDIO","63130","CALARCA","1"
"20/03/2014","63","QUINDIO","63130","CALARCA","1"
"29/03/2014","63","QUINDIO","63130","CALARCA","1"
"31/03/2014","63","QUINDIO","63130","CALARCA","2"
"04/04/2014","63","QUINDIO","63130","CALARCA","1"
"04/04/2014","63","QUINDIO","63130","CALARCA","1"
"08/04/2014","63","QUINDIO","63130","CALARCA","2"
"09/04/2014","63","QUINDIO","63130","CALARCA","1"
"09/04/2014","63","QUINDIO","63130","CALARCA","2"
"15/04/2014","63","QUINDIO","63130","CALARCA","1"
"16/04/2014","63","QUINDIO","63130","CALARCA","3"
"17/04/2014","63","QUINDIO","63130","CALARCA","1"
"20/04/2014","63","QUINDIO","63130","CALARCA","1"
"23/04/2014","63","QUINDIO","63130","CALARCA","1"
"24/04/2014","63","QUINDIO","63130","CALARCA","1"
"13/05/2014","63","QUINDIO","63130","CALARCA","3"
"20/05/2014","63","QUINDIO","63130","CALARCA","1"
"21/05/2014","63","QUINDIO","63130","CALARCA","1"
"26/05/2014","63","QUINDIO","63130","CALARCA","1"
"28/05/2014","63","QUINDIO","63130","CALARCA","1"
"30/05/2014","63","QUINDIO","63130","CALARCA","1"
"01/06/2014","63","QUINDIO","63130","CALARCA","1"
"05/06/2014","63","QUINDIO","63130","CALARCA","2"
"06/06/2014","63","QUINDIO","63130","CALARCA","1"
"09/06/2014","63","QUINDIO","63130","CALARCA","1"
"09/06/2014","63","QUINDIO","63130","CALARCA","2"
"11/06/2014","63","QUINDIO","63130","CALARCA","3"
"13/06/2014","63","QUINDIO","63130","CALARCA","1"
"14/06/2014","63","QUINDIO","63130","CALARCA","1"
"16/06/2014","63","QUINDIO","63130","CALARCA","1"
"19/06/2014","63","QUINDIO","63130","CALARCA","1"
"20/06/2014","63","QUINDIO","63130","CALARCA","1"
"21/06/2014","63","QUINDIO","63130","CALARCA","1"
"24/06/2014","63","QUINDIO","63130","CALARCA","1"
"28/06/2014","63","QUINDIO","63130","CALARCA","1"
"28/06/2014","63","QUINDIO","63130","CALARCA","1"
"05/07/2014","63","QUINDIO","63130","CALARCA","1"
"05/07/2014","63","QUINDIO","63130","CALARCA","2"
"07/07/2014","63","QUINDIO","63130","CALARCA","1"
"07/07/2014","63","QUINDIO","63130","CALARCA","1"
"08/07/2014","63","QUINDIO","63130","CALARCA","1"
"10/07/2014","63","QUINDIO","63130","CALARCA","1"
"14/07/2014","63","QUINDIO","63130","CALARCA","1"
"16/07/2014","63","QUINDIO","63130","CALARCA","1"
"18/07/2014","63","QUINDIO","63130","CALARCA","2"
"18/07/2014","63","QUINDIO","63130","CALARCA","2"
"21/07/2014","63","QUINDIO","63130","CALARCA","1"
"22/07/2014","63","QUINDIO","63130","CALARCA","1"
"22/07/2014","63","QUINDIO","63130","CALARCA","3"
"24/07/2014","63","QUINDIO","63130","CALARCA","1"
"26/07/2014","63","QUINDIO","63130","CALARCA","1"
"31/07/2014","63","QUINDIO","63130","CALARCA","1"
"02/08/2014","63","QUINDIO","63130","CALARCA","1"
"05/08/2014","63","QUINDIO","63130","CALARCA","1"
"06/08/2014","63","QUINDIO","63130","CALARCA","1"
"14/08/2014","63","QUINDIO","63130","CALARCA","1"
"15/08/2014","63","QUINDIO","63130","CALARCA","1"
"17/08/2014","63","QUINDIO","63130","CALARCA","2"
"18/08/2014","63","QUINDIO","63130","CALARCA","1"
"20/08/2014","63","QUINDIO","63130","CALARCA","1"
"28/08/2014","63","QUINDIO","63130","CALARCA","2"
"02/09/2014","63","QUINDIO","63130","CALARCA","1"
"05/09/2014","63","QUINDIO","63130","CALARCA","1"
"23/09/2014","63","QUINDIO","63130","CALARCA","1"
"02/10/2014","63","QUINDIO","63130","CALARCA","6"
"03/10/2014","63","QUINDIO","63130","CALARCA","4"
"07/10/2014","63","QUINDIO","63130","CALARCA","1"
"18/10/2014","63","QUINDIO","63130","CALARCA","1"
"22/10/2014","63","QUINDIO","63130","CALARCA","1"
"24/10/2014","63","QUINDIO","63130","CALARCA","1"
"29/10/2014","63","QUINDIO","63130","CALARCA","1"
"24/11/2014","63","QUINDIO","63130","CALARCA","2"
"27/11/2014","63","QUINDIO","63130","CALARCA","1"
"02/12/2014","63","QUINDIO","63130","CALARCA","3"
"03/12/2014","63","QUINDIO","63130","CALARCA","2"
"09/12/2014","63","QUINDIO","63130","CALARCA","1"
"13/12/2014","63","QUINDIO","63130","CALARCA","2"
"19/12/2014","63","QUINDIO","63130","CALARCA","2"
"20/12/2014","63","QUINDIO","63130","CALARCA","1"
"22/12/2014","63","QUINDIO","63130","CALARCA","2"
"02/01/2015","63","QUINDIO","63130","CALARCA","1"
"04/01/2015","63","QUINDIO","63130","CALARCA","1"
"06/01/2015","63","QUINDIO","63130","CALARCA","1"
"09/01/2015","63","QUINDIO","63130","CALARCA","2"
"15/01/2015","63","QUINDIO","63130","CALARCA","1"
"17/01/2015","63","QUINDIO","63130","CALARCA","1"
"18/01/2015","63","QUINDIO","63130","CALARCA","1"
"20/01/2015","63","QUINDIO","63130","CALARCA","2"
"23/01/2015","63","QUINDIO","63130","CALARCA","3"
"28/01/2015","63","QUINDIO","63130","CALARCA","1"
"31/01/2015","63","QUINDIO","63130","CALARCA","1"
"01/02/2015","63","QUINDIO","63130","CALARCA","1"
"02/02/2015","63","QUINDIO","63130","CALARCA","1"
"01/03/2015","63","QUINDIO","63130","CALARCA","1"
"05/03/2015","63","QUINDIO","63130","CALARCA","1"
"07/03/2015","63","QUINDIO","63130","CALARCA","2"
"10/03/2015","63","QUINDIO","63130","CALARCA","2"
"13/03/2015","63","QUINDIO","63130","CALARCA","1"
"19/03/2015","63","QUINDIO","63130","CALARCA","1"
"02/04/2015","63","QUINDIO","63130","CALARCA","1"
"08/04/2015","63","QUINDIO","63130","CALARCA","1"
"26/04/2015","63","QUINDIO","63130","CALARCA","1"
"28/04/2015","63","QUINDIO","63130","CALARCA","1"
"04/05/2015","63","QUINDIO","63130","CALARCA","3"
"12/05/2015","63","QUINDIO","63130","CALARCA","1"
"01/06/2015","63","QUINDIO","63130","CALARCA","4"
"04/06/2015","63","QUINDIO","63130","CALARCA","2"
"13/06/2015","63","QUINDIO","63130","CALARCA","3"
"17/06/2015","63","QUINDIO","63130","CALARCA","1"
"18/06/2015","63","QUINDIO","63130","CALARCA","2"
"21/06/2015","63","QUINDIO","63130","CALARCA","2"
"24/06/2015","63","QUINDIO","63130","CALARCA","1"
"30/06/2015","63","QUINDIO","63130","CALARCA","1"
"04/07/2015","63","QUINDIO","63130","CALARCA","4"
"12/07/2015","63","QUINDIO","63130","CALARCA","1"
"29/07/2015","63","QUINDIO","63130","CALARCA","1"
"01/08/2015","63","QUINDIO","63130","CALARCA","1"
"02/08/2015","63","QUINDIO","63130","CALARCA","2"
"06/08/2015","63","QUINDIO","63130","CALARCA","1"
"07/08/2015","63","QUINDIO","63130","CALARCA","2"
"14/08/2015","63","QUINDIO","63130","CALARCA","1"
"19/08/2015","63","QUINDIO","63130","CALARCA","1"
"21/08/2015","63","QUINDIO","63130","CALARCA","1"
"24/08/2015","63","QUINDIO","63130","CALARCA","1"
"26/08/2015","63","QUINDIO","63130","CALARCA","1"
"29/08/2015","63","QUINDIO","63130","CALARCA","2"
"31/08/2015","63","QUINDIO","63130","CALARCA","1"
"09/09/2015","63","QUINDIO","63130","CALARCA","3"
"12/09/2015","63","QUINDIO","63130","CALARCA","1"
"26/09/2015","63","QUINDIO","63130","CALARCA","1"
"28/09/2015","63","QUINDIO","63130","CALARCA","3"
"29/09/2015","63","QUINDIO","63130","CALARCA","5"
"30/09/2015","63","QUINDIO","63130","CALARCA","2"
"03/10/2015","63","QUINDIO","63130","CALARCA","2"
"06/10/2015","63","QUINDIO","63130","CALARCA","3"
"14/10/2015","63","QUINDIO","63130","CALARCA","1"
"01/11/2015","63","QUINDIO","63130","CALARCA","2"
"14/11/2015","63","QUINDIO","63130","CALARCA","3"
"02/12/2015","63","QUINDIO","63130","CALARCA","1"
"04/12/2015","63","QUINDIO","63130","CALARCA","1"
"07/12/2015","63","QUINDIO","63130","CALARCA","1"
"18/12/2015","63","QUINDIO","63130","CALARCA","1"
"19/12/2015","63","QUINDIO","63130","CALARCA","5"
"20/12/2015","63","QUINDIO","63130","CALARCA","1"
"23/12/2015","63","QUINDIO","63130","CALARCA","1"
"31/12/2015","63","QUINDIO","63130","CALARCA","1"
"01/01/2016","63","QUINDIO","63130","CALARCA","3"
"03/01/2016","63","QUINDIO","63130","CALARCA","1"
"04/01/2016","63","QUINDIO","63130","CALARCA","3"
"09/01/2016","63","QUINDIO","63130","CALARCA","3"
"10/01/2016","63","QUINDIO","63130","CALARCA","5"
"14/01/2016","63","QUINDIO","63130","CALARCA","1"
"25/01/2016","63","QUINDIO","63130","CALARCA","1"
"26/01/2016","63","QUINDIO","63130","CALARCA","1"
"26/01/2016","63","QUINDIO","63130","CALARCA","2"
"31/01/2016","63","QUINDIO","63130","CALARCA","1"
"05/02/2016","63","QUINDIO","63130","CALARCA","1"
"06/02/2016","63","QUINDIO","63130","CALARCA","2"
"10/02/2016","63","QUINDIO","63130","CALARCA","2"
"12/02/2016","63","QUINDIO","63130","CALARCA","1"
"14/02/2016","63","QUINDIO","63130","CALARCA","2"
"21/02/2016","63","QUINDIO","63130","CALARCA","2"
"24/02/2016","63","QUINDIO","63130","CALARCA","2"
"27/02/2016","63","QUINDIO","63130","CALARCA","2"
"01/03/2016","63","QUINDIO","63130","CALARCA","1"
"05/03/2016","63","QUINDIO","63130","CALARCA","2"
"09/03/2016","63","QUINDIO","63130","CALARCA","1"
"11/03/2016","63","QUINDIO","63130","CALARCA","1"
"13/03/2016","63","QUINDIO","63130","CALARCA","4"
"15/03/2016","63","QUINDIO","63130","CALARCA","1"
"16/03/2016","63","QUINDIO","63130","CALARCA","2"
"16/03/2016","63","QUINDIO","63130","CALARCA","4"
"18/03/2016","63","QUINDIO","63130","CALARCA","1"
"19/03/2016","63","QUINDIO","63130","CALARCA","2"
"19/03/2016","63","QUINDIO","63130","CALARCA","1"
"20/03/2016","63","QUINDIO","63130","CALARCA","1"
"22/03/2016","63","QUINDIO","63130","CALARCA","1"
"22/03/2016","63","QUINDIO","63130","CALARCA","1"
"23/03/2016","63","QUINDIO","63130","CALARCA","1"
"27/03/2016","63","QUINDIO","63130","CALARCA","1"
"28/03/2016","63","QUINDIO","63130","CALARCA","2"
"29/03/2016","63","QUINDIO","63130","CALARCA","1"
"06/04/2016","63","QUINDIO","63130","CALARCA","1"
"08/04/2016","63","QUINDIO","63130","CALARCA","2"
"10/04/2016","63","QUINDIO","63130","CALARCA","2"
"20/04/2016","63","QUINDIO","63130","CALARCA","1"
"25/04/2016","63","QUINDIO","63130","CALARCA","1"
"27/04/2016","63","QUINDIO","63130","CALARCA","1"
"03/05/2016","63","QUINDIO","63130","CALARCA","1"
"03/05/2016","63","QUINDIO","63130","CALARCA","2"
"17/05/2016","63","QUINDIO","63130","CALARCA","1"
"19/05/2016","63","QUINDIO","63130","CALARCA","1"
"21/05/2016","63","QUINDIO","63130","CALARCA","1"
"24/05/2016","63","QUINDIO","63130","CALARCA","2"
"28/05/2016","63","QUINDIO","63130","CALARCA","1"
"28/05/2016","63","QUINDIO","63130","CALARCA","1"
"29/05/2016","63","QUINDIO","63130","CALARCA","1"
"03/06/2016","63","QUINDIO","63130","CALARCA","1"
"06/06/2016","63","QUINDIO","63130","CALARCA","1"
"08/06/2016","63","QUINDIO","63130","CALARCA","2"
"10/06/2016","63","QUINDIO","63130","CALARCA","2"
"13/06/2016","63","QUINDIO","63130","CALARCA","1"
"13/06/2016","63","QUINDIO","63130","CALARCA","2"
"16/06/2016","63","QUINDIO","63130","CALARCA","1"
"18/06/2016","63","QUINDIO","63130","CALARCA","2"
"26/06/2016","63","QUINDIO","63130","CALARCA","2"
"29/06/2016","63","QUINDIO","63130","CALARCA","2"
"04/07/2016","63","QUINDIO","63130","CALARCA","1"
"06/07/2016","63","QUINDIO","63130","CALARCA","2"
"15/07/2016","63","QUINDIO","63130","CALARCA","1"
"20/07/2016","63","QUINDIO","63130","CALARCA","1"
"21/07/2016","63","QUINDIO","63130","CALARCA","1"
"23/07/2016","63","QUINDIO","63130","CALARCA","1"
"24/07/2016","63","QUINDIO","63130","CALARCA","2"
"03/08/2016","63","QUINDIO","63130","CALARCA","1"
"05/08/2016","63","QUINDIO","63130","CALARCA","1"
"05/08/2016","63","QUINDIO","63130","CALARCA","1"
"06/08/2016","63","QUINDIO","63130","CALARCA","1"
"13/08/2016","63","QUINDIO","63130","CALARCA","1"
"14/08/2016","63","QUINDIO","63130","CALARCA","1"
"15/08/2016","63","QUINDIO","63130","CALARCA","1"
"17/08/2016","63","QUINDIO","63130","CALARCA","16"
"27/08/2016","63","QUINDIO","63130","CALARCA","2"
"02/09/2016","63","QUINDIO","63130","CALARCA","2"
"03/09/2016","63","QUINDIO","63130","CALARCA","5"
"05/09/2016","63","QUINDIO","63130","CALARCA","1"
"05/09/2016","63","QUINDIO","63130","CALARCA","1"
"06/09/2016","63","QUINDIO","63130","CALARCA","2"
"06/09/2016","63","QUINDIO","63130","CALARCA","3"
"10/09/2016","63","QUINDIO","63130","CALARCA","1"
"11/09/2016","63","QUINDIO","63130","CALARCA","20"
"19/09/2016","63","QUINDIO","63130","CALARCA","1"
"19/09/2016","63","QUINDIO","63130","CALARCA","2"
"21/09/2016","63","QUINDIO","63130","CALARCA","2"
"23/09/2016","63","QUINDIO","63130","CALARCA","1"
"27/09/2016","63","QUINDIO","63130","CALARCA","1"
"01/10/2016","63","QUINDIO","63130","CALARCA","1"
"05/10/2016","63","QUINDIO","63130","CALARCA","1"
"06/10/2016","63","QUINDIO","63130","CALARCA","1"
"16/10/2016","63","QUINDIO","63130","CALARCA","3"
"18/10/2016","63","QUINDIO","63130","CALARCA","2"
"29/10/2016","63","QUINDIO","63130","CALARCA","1"
"30/10/2016","63","QUINDIO","63130","CALARCA","1"
"30/10/2016","63","QUINDIO","63130","CALARCA","1"
"01/11/2016","63","QUINDIO","63130","CALARCA","1"
"08/11/2016","63","QUINDIO","63130","CALARCA","1"
"11/11/2016","63","QUINDIO","63130","CALARCA","2"
"13/11/2016","63","QUINDIO","63130","CALARCA","2"
"14/11/2016","63","QUINDIO","63130","CALARCA","2"
"24/11/2016","63","QUINDIO","63130","CALARCA","1"
"26/11/2016","63","QUINDIO","63130","CALARCA","1"
"28/11/2016","63","QUINDIO","63130","CALARCA","1"
"29/11/2016","63","QUINDIO","63130","CALARCA","2"
"01/12/2016","63","QUINDIO","63130","CALARCA","1"
"02/12/2016","63","QUINDIO","63130","CALARCA","1"
"04/12/2016","63","QUINDIO","63130","CALARCA","1"
"05/12/2016","63","QUINDIO","63130","CALARCA","1"
"06/12/2016","63","QUINDIO","63130","CALARCA","1"
"07/12/2016","63","QUINDIO","63130","CALARCA","3"
"10/12/2016","63","QUINDIO","63130","CALARCA","1"
"11/12/2016","63","QUINDIO","63130","CALARCA","1"
"14/12/2016","63","QUINDIO","63130","CALARCA","1"
"17/12/2016","63","QUINDIO","63130","CALARCA","1"
"20/12/2016","63","QUINDIO","63130","CALARCA","1"
"21/12/2016","63","QUINDIO","63130","CALARCA","1"
"25/12/2016","63","QUINDIO","63130","CALARCA","1"
"28/12/2016","63","QUINDIO","63130","CALARCA","1"
"31/12/2016","63","QUINDIO","63130","CALARCA","1"
"02/01/2017","63","QUINDIO","63130","CALARCA","1"
"04/01/2017","63","QUINDIO","63130","CALARCA","1"
"07/01/2017","63","QUINDIO","63130","CALARCA","1"
"21/01/2017","63","QUINDIO","63130","CALARCA","1"
"22/01/2017","63","QUINDIO","63130","CALARCA","1"
"31/01/2017","63","QUINDIO","63130","CALARCA","1"
"01/02/2017","63","QUINDIO","63130","CALARCA","1"
"02/02/2017","63","QUINDIO","63130","CALARCA","1"
"04/02/2017","63","QUINDIO","63130","CALARCA","1"
"12/02/2017","63","QUINDIO","63130","CALARCA","1"
"15/02/2017","63","QUINDIO","63130","CALARCA","1"
"18/02/2017","63","QUINDIO","63130","CALARCA","2"
"20/02/2017","63","QUINDIO","63130","CALARCA","1"
"21/02/2017","63","QUINDIO","63130","CALARCA","1"
"22/02/2017","63","QUINDIO","63130","CALARCA","1"
"23/02/2017","63","QUINDIO","63130","CALARCA","2"
"24/02/2017","63","QUINDIO","63130","CALARCA","1"
"28/02/2017","63","QUINDIO","63130","CALARCA","1"
"04/03/2017","63","QUINDIO","63130","CALARCA","1"
"08/03/2017","63","QUINDIO","63130","CALARCA","2"
"09/03/2017","63","QUINDIO","63130","CALARCA","4"
"10/03/2017","63","QUINDIO","63130","CALARCA","1"
"13/03/2017","63","QUINDIO","63130","CALARCA","1"
"16/03/2017","63","QUINDIO","63130","CALARCA","1"
"25/03/2017","63","QUINDIO","63130","CALARCA","1"
"26/03/2017","63","QUINDIO","63130","CALARCA","1"
"28/03/2017","63","QUINDIO","63130","CALARCA","1"
"31/03/2017","63","QUINDIO","63130","CALARCA","1"
"31/03/2017","63","QUINDIO","63130","CALARCA","1"
"01/04/2017","63","QUINDIO","63130","CALARCA","1"
"04/04/2017","63","QUINDIO","63130","CALARCA","2"
"08/04/2017","63","QUINDIO","63130","CALARCA","1"
"13/04/2017","63","QUINDIO","63130","CALARCA","4"
"14/04/2017","63","QUINDIO","63130","CALARCA","3"
"17/04/2017","63","QUINDIO","63130","CALARCA","1"
"20/04/2017","63","QUINDIO","63130","CALARCA","1"
"23/04/2017","63","QUINDIO","63130","CALARCA","1"
"26/04/2017","63","QUINDIO","63130","CALARCA","1"
"28/04/2017","63","QUINDIO","63130","CALARCA","1"
"28/04/2017","63","QUINDIO","63130","CALARCA","2"
"06/05/2017","63","QUINDIO","63130","CALARCA","1"
"14/05/2017","63","QUINDIO","63130","CALARCA","1"
"20/05/2017","63","QUINDIO","63130","CALARCA","1"
"27/05/2017","63","QUINDIO","63130","CALARCA","1"
"28/05/2017","63","QUINDIO","63130","CALARCA","1"
"05/06/2017","63","QUINDIO","63130","CALARCA","1"
"06/06/2017","63","QUINDIO","63130","CALARCA","1"
"08/06/2017","63","QUINDIO","63130","CALARCA","1"
"10/06/2017","63","QUINDIO","63130","CALARCA","1"
"11/06/2017","63","QUINDIO","63130","CALARCA","1"
"15/06/2017","63","QUINDIO","63130","CALARCA","1"
"17/06/2017","63","QUINDIO","63130","CALARCA","3"
"20/06/2017","63","QUINDIO","63130","CALARCA","1"
"21/06/2017","63","QUINDIO","63130","CALARCA","1"
"23/06/2017","63","QUINDIO","63130","CALARCA","1"
"25/06/2017","63","QUINDIO","63130","CALARCA","1"
"26/06/2017","63","QUINDIO","63130","CALARCA","5"
"02/07/2017","63","QUINDIO","63130","CALARCA","2"
"07/07/2017","63","QUINDIO","63130","CALARCA","2"
"14/07/2017","63","QUINDIO","63130","CALARCA","1"
"16/07/2017","63","QUINDIO","63130","CALARCA","1"
"18/07/2017","63","QUINDIO","63130","CALARCA","1"
"21/07/2017","63","QUINDIO","63130","CALARCA","1"
"23/07/2017","63","QUINDIO","63130","CALARCA","1"
"29/07/2017","63","QUINDIO","63130","CALARCA","1"
"02/08/2017","63","QUINDIO","63130","CALARCA","2"
"03/08/2017","63","QUINDIO","63130","CALARCA","7"
"07/08/2017","63","QUINDIO","63130","CALARCA","1"
"15/08/2017","63","QUINDIO","63130","CALARCA","2"
"18/08/2017","63","QUINDIO","63130","CALARCA","1"
"23/08/2017","63","QUINDIO","63130","CALARCA","2"
"24/08/2017","63","QUINDIO","63130","CALARCA","1"
"27/08/2017","63","QUINDIO","63130","CALARCA","1"
"30/08/2017","63","QUINDIO","63130","CALARCA","1"
"30/08/2017","63","QUINDIO","63130","CALARCA","2"
"13/09/2017","63","QUINDIO","63130","CALARCA","1"
"22/09/2017","63","QUINDIO","63130","CALARCA","1"
"30/09/2017","63","QUINDIO","63130","CALARCA","16"
"30/09/2017","63","QUINDIO","63130","CALARCA","6"
"06/10/2017","63","QUINDIO","63130","CALARCA","2"
"13/10/2017","63","QUINDIO","63130","CALARCA","2"
"17/10/2017","63","QUINDIO","63130","CALARCA","1"
"17/10/2017","63","QUINDIO","63130","CALARCA","21"
"19/10/2017","63","QUINDIO","63130","CALARCA","1"
"21/10/2017","63","QUINDIO","63130","CALARCA","3"
"23/10/2017","63","QUINDIO","63130","CALARCA","3"
"24/10/2017","63","QUINDIO","63130","CALARCA","2"
"12/11/2017","63","QUINDIO","63130","CALARCA","1"
"16/11/2017","63","QUINDIO","63130","CALARCA","1"
"21/11/2017","63","QUINDIO","63130","CALARCA","1"
"23/11/2017","63","QUINDIO","63130","CALARCA","1"
"23/11/2017","63","QUINDIO","63130","CALARCA","2"
"25/11/2017","63","QUINDIO","63130","CALARCA","1"
"26/11/2017","63","QUINDIO","63130","CALARCA","3"
"28/11/2017","63","QUINDIO","63130","CALARCA","1"
"05/12/2017","63","QUINDIO","63130","CALARCA","5"
"07/12/2017","63","QUINDIO","63130","CALARCA","1"
"09/12/2017","63","QUINDIO","63130","CALARCA","3"
"13/12/2017","63","QUINDIO","63130","CALARCA","1"
"18/12/2017","63","QUINDIO","63130","CALARCA","1"
"19/12/2017","63","QUINDIO","63130","CALARCA","6"
"24/12/2017","63","QUINDIO","63130","CALARCA","1"
"25/12/2017","63","QUINDIO","63130","CALARCA","4"
"28/12/2017","63","QUINDIO","63130","CALARCA","1"
"30/12/2017","63","QUINDIO","63130","CALARCA","1"
"31/12/2017","63","QUINDIO","63130","CALARCA","3"
"03/01/2018","63","QUINDIO","63130","CALARCA","1"
"06/01/2018","63","QUINDIO","63130","CALARCA","1"
"06/01/2018","63","QUINDIO","63130","CALARCA","1"
"06/01/2018","63","QUINDIO","63130","CALARCA","1"
"09/01/2018","63","QUINDIO","63130","CALARCA","1"
"12/01/2018","63","QUINDIO","63130","CALARCA","1"
"13/01/2018","63","QUINDIO","63130","CALARCA","1"
"13/01/2018","63","QUINDIO","63130","CALARCA","1"
"15/01/2018","63","QUINDIO","63130","CALARCA","1"
"18/01/2018","63","QUINDIO","63130","CALARCA","1"
"20/01/2018","63","QUINDIO","63130","CALARCA","1"
"22/01/2018","63","QUINDIO","63130","CALARCA","1"
"22/01/2018","63","QUINDIO","63130","CALARCA","1"
"27/01/2018","63","QUINDIO","63130","CALARCA","1"
"27/01/2018","63","QUINDIO","63130","CALARCA","1"
"27/01/2018","63","QUINDIO","63130","CALARCA","1"
"31/01/2018","63","QUINDIO","63130","CALARCA","1"
"31/01/2018","63","QUINDIO","63130","CALARCA","1"
"03/02/2018","63","QUINDIO","63130","CALARCA","1"
"03/02/2018","63","QUINDIO","63130","CALARCA","1"
"03/02/2018","63","QUINDIO","63130","CALARCA","1"
"03/02/2018","63","QUINDIO","63130","CALARCA","1"
"08/02/2018","63","QUINDIO","63130","CALARCA","1"
"12/02/2018","63","QUINDIO","63130","CALARCA","1"
"19/02/2018","63","QUINDIO","63130","CALARCA","1"
"19/02/2018","63","QUINDIO","63130","CALARCA","1"
"27/02/2018","63","QUINDIO","63130","CALARCA","1"
"27/02/2018","63","QUINDIO","63130","CALARCA","1"
"07/03/2018","63","QUINDIO","63130","CALARCA","1"
"12/03/2018","63","QUINDIO","63130","CALARCA","1"
"17/03/2018","63","QUINDIO","63130","CALARCA","1"
"18/03/2018","63","QUINDIO","63130","CALARCA","1"
"18/03/2018","63","QUINDIO","63130","CALARCA","1"
"25/03/2018","63","QUINDIO","63130","CALARCA","1"
"26/03/2018","63","QUINDIO","63130","CALARCA","1"
"01/04/2018","63","QUINDIO","63130","CALARCA","1"
"01/04/2018","63","QUINDIO","63130","CALARCA","1"
"02/04/2018","63","QUINDIO","63130","CALARCA","1"
"10/04/2018","63","QUINDIO","63130","CALARCA","1"
"10/04/2018","63","QUINDIO","63130","CALARCA","1"
"12/04/2018","63","QUINDIO","63130","CALARCA","1"
"15/04/2018","63","QUINDIO","63130","CALARCA","1"
"15/04/2018","63","QUINDIO","63130","CALARCA","1"
"21/04/2018","63","QUINDIO","63130","CALARCA","1"
"21/04/2018","63","QUINDIO","63130","CALARCA","1"
"22/04/2018","63","QUINDIO","63130","CALARCA","1"
"28/04/2018","63","QUINDIO","63130","CALARCA","1"
"02/05/2018","63","QUINDIO","63130","CALARCA","1"
"02/05/2018","63","QUINDIO","63130","CALARCA","1"
"02/05/2018","63","QUINDIO","63130","CALARCA","1"
"02/05/2018","63","QUINDIO","63130","CALARCA","1"
"17/05/2018","63","QUINDIO","63130","CALARCA","1"
"20/05/2018","63","QUINDIO","63130","CALARCA","1"
"22/05/2018","63","QUINDIO","63130","CALARCA","1"
"26/05/2018","63","QUINDIO","63130","CALARCA","1"
"29/05/2018","63","QUINDIO","63130","CALARCA","1"
"29/05/2018","63","QUINDIO","63130","CALARCA","1"
"06/06/2018","63","QUINDIO","63130","CALARCA","1"
"06/06/2018","63","QUINDIO","63130","CALARCA","1"
"07/06/2018","63","QUINDIO","63130","CALARCA","1"
"16/06/2018","63","QUINDIO","63130","CALARCA","1"
"16/06/2018","63","QUINDIO","63130","CALARCA","1"
"16/06/2018","63","QUINDIO","63130","CALARCA","1"
"07/07/2018","63","QUINDIO","63130","CALARCA","1"
"14/07/2018","63","QUINDIO","63130","CALARCA","1"
"15/07/2018","63","QUINDIO","63130","CALARCA","1"
"18/07/2018","63","QUINDIO","63130","CALARCA","1"
"20/07/2018","63","QUINDIO","63130","CALARCA","1"
"22/07/2018","63","QUINDIO","63130","CALARCA","1"
"28/07/2018","63","QUINDIO","63130","CALARCA","1"
"28/07/2018","63","QUINDIO","63130","CALARCA","1"
"28/07/2018","63","QUINDIO","63130","CALARCA","1"
"02/08/2018","63","QUINDIO","63130","CALARCA","1"
"10/08/2018","63","QUINDIO","63130","CALARCA","1"
"14/08/2018","63","QUINDIO","63130","CALARCA","1"
"14/08/2018","63","QUINDIO","63130","CALARCA","1"
"14/08/2018","63","QUINDIO","63130","CALARCA","1"
"14/08/2018","63","QUINDIO","63130","CALARCA","1"
"14/08/2018","63","QUINDIO","63130","CALARCA","1"
"14/08/2018","63","QUINDIO","63130","CALARCA","1"
"14/08/2018","63","QUINDIO","63130","CALARCA","1"
"14/08/2018","63","QUINDIO","63130","CALARCA","1"
"14/08/2018","63","QUINDIO","63130","CALARCA","1"
"14/08/2018","63","QUINDIO","63130","CALARCA","1"
"14/08/2018","63","QUINDIO","63130","CALARCA","1"
"14/08/2018","63","QUINDIO","63130","CALARCA","1"
"14/08/2018","63","QUINDIO","63130","CALARCA","1"
"14/08/2018","63","QUINDIO","63130","CALARCA","1"
"14/08/2018","63","QUINDIO","63130","CALARCA","1"
"14/08/2018","63","QUINDIO","63130","CALARCA","1"
"14/08/2018","63","QUINDIO","63130","CALARCA","1"
"21/08/2018","63","QUINDIO","63130","CALARCA","1"
"21/08/2018","63","QUINDIO","63130","CALARCA","1"
"25/08/2018","63","QUINDIO","63130","CALARCA","1"
"26/08/2018","63","QUINDIO","63130","CALARCA","1"
"26/08/2018","63","QUINDIO","63130","CALARCA","1"
"01/09/2018","63","QUINDIO","63130","CALARCA","1"
"01/09/2018","63","QUINDIO","63130","CALARCA","1"
"02/09/2018","63","QUINDIO","63130","CALARCA","1"
"03/09/2018","63","QUINDIO","63130","CALARCA","1"
"04/09/2018","63","QUINDIO","63130","CALARCA","1"
"08/09/2018","63","QUINDIO","63130","CALARCA","1"
"30/09/2018","63","QUINDIO","63130","CALARCA","1"
"30/09/2018","63","QUINDIO","63130","CALARCA","1"
"03/10/2018","63","QUINDIO","63130","CALARCA","1"
"13/10/2018","63","QUINDIO","63130","CALARCA","1"
"14/10/2018","63","QUINDIO","63130","CALARCA","1"
"21/10/2018","63","QUINDIO","63130","CALARCA","1"
"11/11/2018","63","QUINDIO","63130","CALARCA","1"
"11/11/2018","63","QUINDIO","63130","CALARCA","1"
"19/11/2018","63","QUINDIO","63130","CALARCA","1"
"20/11/2018","63","QUINDIO","63130","CALARCA","1"
"12/12/2018","63","QUINDIO","63130","CALARCA","1"
"20/12/2018","63","QUINDIO","63130","CALARCA","1"
"20/12/2018","63","QUINDIO","63130","CALARCA","1"
"21/12/2018","63","QUINDIO","63130","CALARCA","1"
"30/12/2018","63","QUINDIO","63130","CALARCA","1"
"03/01/2019","63","QUINDIO","63130","CALARCA","1"
"03/02/2019","63","QUINDIO","63130","CALARCA","1"
"03/02/2019","63","QUINDIO","63130","CALARCA","1"
"03/02/2019","63","QUINDIO","63130","CALARCA","1"
"03/02/2019","63","QUINDIO","63130","CALARCA","1"
"03/02/2019","63","QUINDIO","63130","CALARCA","1"
"03/02/2019","63","QUINDIO","63130","CALARCA","1"
"03/02/2019","63","QUINDIO","63130","CALARCA","1"
"03/02/2019","63","QUINDIO","63130","CALARCA","1"
"03/02/2019","63","QUINDIO","63130","CALARCA","1"
"03/02/2019","63","QUINDIO","63130","CALARCA","1"
"03/02/2019","63","QUINDIO","63130","CALARCA","1"
"03/02/2019","63","QUINDIO","63130","CALARCA","1"
"03/02/2019","63","QUINDIO","63130","CALARCA","1"
"09/02/2019","63","QUINDIO","63130","CALARCA","1"
"09/02/2019","63","QUINDIO","63130","CALARCA","1"
"10/02/2019","63","QUINDIO","63130","CALARCA","1"
"10/02/2019","63","QUINDIO","63130","CALARCA","1"
"25/02/2019","63","QUINDIO","63130","CALARCA","1"
"18/03/2019","63","QUINDIO","63130","CALARCA","1"
"18/03/2019","63","QUINDIO","63130","CALARCA","1"
"20/03/2019","63","QUINDIO","63130","CALARCA","1"
"21/03/2019","63","QUINDIO","63130","CALARCA","1"
"26/04/2019","63","QUINDIO","63130","CALARCA","1"
"26/04/2019","63","QUINDIO","63130","CALARCA","1"
"03/05/2019","63","QUINDIO","63130","CALARCA","1"
"12/05/2019","63","QUINDIO","63130","CALARCA","1"
"17/05/2019","63","QUINDIO","63130","CALARCA","1"
"17/05/2019","63","QUINDIO","63130","CALARCA","1"
"02/06/2019","63","QUINDIO","63130","CALARCA","1"
"02/06/2019","63","QUINDIO","63130","CALARCA","1"
"26/06/2019","63","QUINDIO","63130","CALARCA","1"
"28/06/2019","63","QUINDIO","63130","CALARCA","1"
"01/07/2019","63","QUINDIO","63130","CALARCA","1"
"02/07/2019","63","QUINDIO","63130","CALARCA","1"
"09/07/2019","63","QUINDIO","63130","CALARCA","1"
"09/07/2019","63","QUINDIO","63130","CALARCA","1"
"16/07/2019","63","QUINDIO","63130","CALARCA","1"
"03/08/2019","63","QUINDIO","63130","CALARCA","1"
"18/08/2019","63","QUINDIO","63130","CALARCA","1"
"31/08/2019","63","QUINDIO","63130","CALARCA","1"
"31/08/2019","63","QUINDIO","63130","CALARCA","1"
"09/09/2019","63","QUINDIO","63130","CALARCA","1"
"29/09/2019","63","QUINDIO","63130","CALARCA","1"
"22/10/2019","63","QUINDIO","63130","CALARCA","1"
"27/10/2019","63","QUINDIO","63130","CALARCA","1"
"27/10/2019","63","QUINDIO","63130","CALARCA","1"
"11/11/2019","63","QUINDIO","63130","CALARCA","1"
"11/11/2019","63","QUINDIO","63130","CALARCA","1"
"22/11/2019","63","QUINDIO","63130","CALARCA","1"
"25/11/2019","63","QUINDIO","63130","CALARCA","1"
"03/12/2019","63","QUINDIO","63130","CALARCA","1"
"09/12/2019","63","QUINDIO","63130","CALARCA","1"
"09/12/2019","63","QUINDIO","63130","CALARCA","1"
"09/12/2019","63","QUINDIO","63130","CALARCA","1"
"11/12/2019","63","QUINDIO","63130","CALARCA","1"
"15/12/2019","63","QUINDIO","63130","CALARCA","1"
"17/12/2019","63","QUINDIO","63130","CALARCA","1"
"21/12/2019","63","QUINDIO","63130","CALARCA","1"
"26/12/2019","63","QUINDIO","63130","CALARCA","1"
"26/12/2019","63","QUINDIO","63130","CALARCA","1"
"31/12/2019","63","QUINDIO","63130","CALARCA","1"
"02/01/2020","63","QUINDIO","63130","CALARCA","1"
"02/01/2020","63","QUINDIO","63130","CALARCA","1"
"02/01/2020","63","QUINDIO","63130","CALARCA","1"
"03/01/2020","63","QUINDIO","63130","CALARCA","1"
"03/01/2020","63","QUINDIO","63130","CALARCA","1"
"03/01/2020","63","QUINDIO","63130","CALARCA","1"
"04/01/2020","63","QUINDIO","63130","CALARCA","1"
"04/01/2020","63","QUINDIO","63130","CALARCA","1"
"04/01/2020","63","QUINDIO","63130","CALARCA","1"
"13/01/2020","63","QUINDIO","63130","CALARCA","1"
"27/01/2020","63","QUINDIO","63130","CALARCA","1"
"27/01/2020","63","QUINDIO","63130","CALARCA","1"
"01/02/2020","63","QUINDIO","63130","CALARCA","1"
"13/02/2020","63","QUINDIO","63130","CALARCA","1"
"13/02/2020","63","QUINDIO","63130","CALARCA","1"
"22/02/2020","63","QUINDIO","63130","CALARCA","1"
"22/02/2020","63","QUINDIO","63130","CALARCA","1"
"27/02/2020","63","QUINDIO","63130","CALARCA","1"
"03/05/2020","63","QUINDIO","63130","CALARCA","1"
"10/05/2020","63","QUINDIO","63130","CALARCA","1"
"25/05/2020","63","QUINDIO","63130","CALARCA","1"
"11/07/2020","63","QUINDIO","63130","CALARCA","1"
"18/07/2020","63","QUINDIO","63130","CALARCA","1"
"22/07/2020","63","QUINDIO","63130","CALARCA","1"
"22/07/2020","63","QUINDIO","63130","CALARCA","1"
"01/08/2020","63","QUINDIO","63130","CALARCA","1"
"07/09/2020","63","QUINDIO","63130","CALARCA","1"
"08/09/2020","63","QUINDIO","63130","CALARCA","1"
"10/09/2020","63","QUINDIO","63130","CALARCA","1"
"10/09/2020","63","QUINDIO","63130","CALARCA","1"
"10/09/2020","63","QUINDIO","63130","CALARCA","1"
"02/10/2020","63","QUINDIO","63130","CALARCA","1"
"02/10/2020","63","QUINDIO","63130","CALARCA","1"
"05/11/2020","63","QUINDIO","63130","CALARCA","1"
"05/11/2020","63","QUINDIO","63130","CALARCA","1"
"25/11/2020","63","QUINDIO","63130","CALARCA","1"
"25/11/2020","63","QUINDIO","63130","CALARCA","1"
"24/12/2020","63","QUINDIO","63130","CALARCA","1"
"01/01/2021","63","QUINDIO","63130","CALARCA","1"
"07/01/2021","63","QUINDIO","63130","CALARCA","1"
"11/01/2021","63","QUINDIO","63130","CALARCA","1"
"05/02/2021","63","QUINDIO","63130","CALARCA","1"
"05/02/2021","63","QUINDIO","63130","CALARCA","1"
"09/02/2021","63","QUINDIO","63130","CALARCA","1"
"11/02/2021","63","QUINDIO","63130","CALARCA","1"
"11/02/2021","63","QUINDIO","63130","CALARCA","1"
"11/02/2021","63","QUINDIO","63130","CALARCA","1"
"17/02/2021","63","QUINDIO","63130","CALARCA","1"
"24/02/2021","63","QUINDIO","63130","CALARCA","1"
"24/02/2021","63","QUINDIO","63130","CALARCA","1"
"24/02/2021","63","QUINDIO","63130","CALARCA","1"
"04/03/2021","63","QUINDIO","63130","CALARCA","1"
"08/03/2021","63","QUINDIO","63130","CALARCA","1"
"12/03/2021","63","QUINDIO","63130","CALARCA","1"
"17/03/2021","63","QUINDIO","63130","CALARCA","1"
"29/03/2021","63","QUINDIO","63130","CALARCA","1"
"05/04/2021","63","QUINDIO","63130","CALARCA","1"
"05/04/2021","63","QUINDIO","63130","CALARCA","1"
"05/04/2021","63","QUINDIO","63130","CALARCA","1"
"05/04/2021","63","QUINDIO","63130","CALARCA","1"
"05/04/2021","63","QUINDIO","63130","CALARCA","1"
"05/04/2021","63","QUINDIO","63130","CALARCA","1"
"05/04/2021","63","QUINDIO","63130","CALARCA","1"
"05/04/2021","63","QUINDIO","63130","CALARCA","1"
"05/04/2021","63","QUINDIO","63130","CALARCA","1"
"05/04/2021","63","QUINDIO","63130","CALARCA","1"
"09/04/2021","63","QUINDIO","63130","CALARCA","1"
"14/04/2021","63","QUINDIO","63130","CALARCA","1"
"18/05/2021","63","QUINDIO","63130","CALARCA","1"
"27/05/2021","63","QUINDIO","63130","CALARCA","1"
"01/08/2021","63","QUINDIO","63130","CALARCA","1"
"01/08/2021","63","QUINDIO","63130","CALARCA","1"
"18/08/2021","63","QUINDIO","63130","CALARCA","1"
"20/08/2021","63","QUINDIO","63130","CALARCA","1"
"08/09/2021","63","QUINDIO","63130","CALARCA","1"
"12/09/2021","63","QUINDIO","63130","CALARCA","1"
"20/09/2021","63","QUINDIO","63130","CALARCA","1"
"22/09/2021","63","QUINDIO","63130","CALARCA","1"
"29/09/2021","63","QUINDIO","63130","CALARCA","1"
"01/10/2021","63","QUINDIO","63130","CALARCA","1"
"08/10/2021","63","QUINDIO","63130","CALARCA","1"
"14/10/2021","63","QUINDIO","63130","CALARCA","1"
"14/10/2021","63","QUINDIO","63130","CALARCA","1"
"20/10/2021","63","QUINDIO","63130","CALARCA","1"
"28/10/2021","63","QUINDIO","63130","CALARCA","1"
"12/11/2021","63","QUINDIO","63130","CALARCA","1"
"13/11/2021","63","QUINDIO","63130","CALARCA","1"
"14/11/2021","63","QUINDIO","63130","CALARCA","1"
"23/11/2021","63","QUINDIO","63130","CALARCA","1"
"23/11/2021","63","QUINDIO","63130","CALARCA","1"
"24/11/2021","63","QUINDIO","63130","CALARCA","1"
"30/11/2021","63","QUINDIO","63130","CALARCA","1"
"30/11/2021","63","QUINDIO","63130","CALARCA","1"
"02/12/2021","63","QUINDIO","63130","CALARCA","1"
"02/12/2021","63","QUINDIO","63130","CALARCA","1"
"05/12/2021","63","QUINDIO","63130","CALARCA","1"
"30/12/2021","63","QUINDIO","63130","CALARCA","1"
"12/01/2022","63","QUINDIO","63130","CALARCA","1"
"14/01/2022","63","QUINDIO","63130","CALARCA","1"
"25/01/2022","63","QUINDIO","63130","CALARCA","1"
"28/01/2022","63","QUINDIO","63130","CALARCA","1"
"30/01/2022","63","QUINDIO","63130","CALARCA","1"
"30/01/2022","63","QUINDIO","63130","CALARCA","1"
"05/02/2022","63","QUINDIO","63130","CALARCA","1"
"07/02/2022","63","QUINDIO","63130","CALARCA","1"
"07/02/2022","63","QUINDIO","63130","CALARCA","1"
"11/02/2022","63","QUINDIO","63130","CALARCA","1"
"11/02/2022","63","QUINDIO","63130","CALARCA","1"
"11/02/2022","63","QUINDIO","63130","CALARCA","1"
"11/02/2022","63","QUINDIO","63130","CALARCA","1"
"14/02/2022","63","QUINDIO","63130","CALARCA","1"
"14/02/2022","63","QUINDIO","63130","CALARCA","1"
"20/02/2022","63","QUINDIO","63130","CALARCA","1"
"23/02/2022","63","QUINDIO","63130","CALARCA","1"
"23/02/2022","63","QUINDIO","63130","CALARCA","1"
"12/03/2022","63","QUINDIO","63130","CALARCA","1"
"13/03/2022","63","QUINDIO","63130","CALARCA","1"
"14/03/2022","63","QUINDIO","63130","CALARCA","1"
"14/03/2022","63","QUINDIO","63130","CALARCA","1"
"16/03/2022","63","QUINDIO","63130","CALARCA","1"
"18/03/2022","63","QUINDIO","63130","CALARCA","1"
"18/03/2022","63","QUINDIO","63130","CALARCA","1"
"24/03/2022","63","QUINDIO","63130","CALARCA","1"
"24/03/2022","63","QUINDIO","63130","CALARCA","1"
"06/04/2022","63","QUINDIO","63130","CALARCA","1"
"06/04/2022","63","QUINDIO","63130","CALARCA","1"
"11/04/2022","63","QUINDIO","63130","CALARCA","1"
"12/04/2022","63","QUINDIO","63130","CALARCA","1"
"16/04/2022","63","QUINDIO","63130","CALARCA","1"
"18/04/2022","63","QUINDIO","63130","CALARCA","1"
"19/04/2022","63","QUINDIO","63130","CALARCA","1"
"19/04/2022","63","QUINDIO","63130","CALARCA","1"
"19/04/2022","63","QUINDIO","63130","CALARCA","1"
"20/04/2022","63","QUINDIO","63130","CALARCA","1"
"20/04/2022","63","QUINDIO","63130","CALARCA","1"
"21/04/2022","63","QUINDIO","63130","CALARCA","1"
"29/04/2022","63","QUINDIO","63130","CALARCA","1"
"30/04/2022","63","QUINDIO","63130","CALARCA","1"
"30/04/2022","63","QUINDIO","63130","CALARCA","1"
"02/05/2022","63","QUINDIO","63130","CALARCA","1"
"07/05/2022","63","QUINDIO","63130","CALARCA","1"
"09/05/2022","63","QUINDIO","63130","CALARCA","1"
"09/05/2022","63","QUINDIO","63130","CALARCA","1"
"18/05/2022","63","QUINDIO","63130","CALARCA","1"
"19/05/2022","63","QUINDIO","63130","CALARCA","1"
"21/05/2022","63","QUINDIO","63130","CALARCA","1"
"26/05/2022","63","QUINDIO","63130","CALARCA","1"
"06/06/2022","63","QUINDIO","63130","CALARCA","1"
"08/06/2022","63","QUINDIO","63130","CALARCA","1"
"08/06/2022","63","QUINDIO","63130","CALARCA","1"
"08/06/2022","63","QUINDIO","63130","CALARCA","1"
"14/06/2022","63","QUINDIO","63130","CALARCA","1"
"15/06/2022","63","QUINDIO","63130","CALARCA","1"
"17/06/2022","63","QUINDIO","63130","CALARCA","1"
"21/06/2022","63","QUINDIO","63130","CALARCA","1"
"22/06/2022","63","QUINDIO","63130","CALARCA","1"
"22/06/2022","63","QUINDIO","63130","CALARCA","1"
"22/06/2022","63","QUINDIO","63130","CALARCA","1"
"28/06/2022","63","QUINDIO","63130","CALARCA","1"
"28/06/2022","63","QUINDIO","63130","CALARCA","1"
"28/06/2022","63","QUINDIO","63130","CALARCA","1"
"14/07/2022","63","QUINDIO","63130","CALARCA","1"
"15/07/2022","63","QUINDIO","63130","CALARCA","1"
"18/07/2022","63","QUINDIO","63130","CALARCA","1"
"21/07/2022","63","QUINDIO","63130","CALARCA","1"
"25/07/2022","63","QUINDIO","63130","CALARCA","1"
"28/07/2022","63","QUINDIO","63130","CALARCA","1"
"03/08/2022","63","QUINDIO","63130","CALARCA","1"
"03/08/2022","63","QUINDIO","63130","CALARCA","1"
"03/08/2022","63","QUINDIO","63130","CALARCA","1"
"03/08/2022","63","QUINDIO","63130","CALARCA","1"
"03/08/2022","63","QUINDIO","63130","CALARCA","1"
"11/08/2022","63","QUINDIO","63130","CALARCA","1"
"14/08/2022","63","QUINDIO","63130","CALARCA","1"
"19/08/2022","63","QUINDIO","63130","CALARCA","1"
"21/08/2022","63","QUINDIO","63130","CALARCA","1"
"21/08/2022","63","QUINDIO","63130","CALARCA","1"
"21/08/2022","63","QUINDIO","63130","CALARCA","1"
"21/08/2022","63","QUINDIO","63130","CALARCA","1"
"26/08/2022","63","QUINDIO","63130","CALARCA","1"
"30/08/2022","63","QUINDIO","63130","CALARCA","1"
"08/09/2022","63","QUINDIO","63130","CALARCA","1"
"08/09/2022","63","QUINDIO","63130","CALARCA","1"
"08/09/2022","63","QUINDIO","63130","CALARCA","1"
"08/09/2022","63","QUINDIO","63130","CALARCA","1"
"10/09/2022","63","QUINDIO","63130","CALARCA","1"
"10/09/2022","63","QUINDIO","63130","CALARCA","1"
"11/09/2022","63","QUINDIO","63130","CALARCA","1"
"11/09/2022","63","QUINDIO","63130","CALARCA","1"
"12/09/2022","63","QUINDIO","63130","CALARCA","1"
"14/09/2022","63","QUINDIO","63130","CALARCA","1"
"14/09/2022","63","QUINDIO","63130","CALARCA","1"
"18/09/2022","63","QUINDIO","63130","CALARCA","1"
"18/09/2022","63","QUINDIO","63130","CALARCA","1"
"21/09/2022","63","QUINDIO","63130","CALARCA","1"
"21/09/2022","63","QUINDIO","63130","CALARCA","1"
"22/09/2022","63","QUINDIO","63130","CALARCA","1"
"22/09/2022","63","QUINDIO","63130","CALARCA","1"
"22/09/2022","63","QUINDIO","63130","CALARCA","1"
"22/09/2022","63","QUINDIO","63130","CALARCA","1"
"22/09/2022","63","QUINDIO","63130","CALARCA","1"
"22/09/2022","63","QUINDIO","63130","CALARCA","1"
"22/09/2022","63","QUINDIO","63130","CALARCA","1"
"22/09/2022","63","QUINDIO","63130","CALARCA","1"
"22/09/2022","63","QUINDIO","63130","CALARCA","1"
"22/09/2022","63","QUINDIO","63130","CALARCA","1"
"22/09/2022","63","QUINDIO","63130","CALARCA","1"
"26/09/2022","63","QUINDIO","63130","CALARCA","1"
"01/10/2022","63","QUINDIO","63130","CALARCA","1"
"04/10/2022","63","QUINDIO","63130","CALARCA","1"
"04/10/2022","63","QUINDIO","63130","CALARCA","1"
"06/10/2022","63","QUINDIO","63130","CALARCA","1"
"06/10/2022","63","QUINDIO","63130","CALARCA","1"
"19/10/2022","63","QUINDIO","63130","CALARCA","1"
"19/10/2022","63","QUINDIO","63130","CALARCA","1"
"20/10/2022","63","QUINDIO","63130","CALARCA","1"
"20/10/2022","63","QUINDIO","63130","CALARCA","1"
"22/10/2022","63","QUINDIO","63130","CALARCA","1"
"24/10/2022","63","QUINDIO","63130","CALARCA","1"
"26/10/2022","63","QUINDIO","63130","CALARCA","1"
"06/11/2022","63","QUINDIO","63130","CALARCA","1"
"06/11/2022","63","QUINDIO","63130","CALARCA","1"
"06/11/2022","63","QUINDIO","63130","CALARCA","1"
"13/11/2022","63","QUINDIO","63130","CALARCA","1"
"18/11/2022","63","QUINDIO","63130","CALARCA","1"
"19/11/2022","63","QUINDIO","63130","CALARCA","1"
"19/11/2022","63","QUINDIO","63130","CALARCA","1"
"20/11/2022","63","QUINDIO","63130","CALARCA","1"
"20/11/2022","63","QUINDIO","63130","CALARCA","1"
"02/12/2022","63","QUINDIO","63130","CALARCA","1"
"09/12/2022","63","QUINDIO","63130","CALARCA","1"
"20/12/2022","63","QUINDIO","63130","CALARCA","1"
"20/12/2022","63","QUINDIO","63130","CALARCA","1"
"30/12/2022","63","QUINDIO","63130","CALARCA","1"
"02/01/2023","63","QUINDIO","63130","CALARCA","1"
"06/01/2023","63","QUINDIO","63130","CALARCA","1"
"09/01/2023","63","QUINDIO","63130","CALARCA","1"
"09/01/2023","63","QUINDIO","63130","CALARCA","1"
"10/01/2023","63","QUINDIO","63130","CALARCA","1"
"19/01/2023","63","QUINDIO","63130","CALARCA","1"
"29/01/2023","63","QUINDIO","63130","CALARCA","1"
"01/02/2023","63","QUINDIO","63130","CALARCA","1"
"01/02/2023","63","QUINDIO","63130","CALARCA","1"
"01/02/2023","63","QUINDIO","63130","CALARCA","1"
"03/02/2023","63","QUINDIO","63130","CALARCA","1"
"14/02/2023","63","QUINDIO","63130","CALARCA","1"
"19/02/2023","63","QUINDIO","63130","CALARCA","1"
"22/02/2023","63","QUINDIO","63130","CALARCA","1"
"22/02/2023","63","QUINDIO","63130","CALARCA","1"
"04/03/2023","63","QUINDIO","63130","CALARCA","1"
"04/03/2023","63","QUINDIO","63130","CALARCA","1"
"07/03/2023","63","QUINDIO","63130","CALARCA","1"
"07/03/2023","63","QUINDIO","63130","CALARCA","1"
"12/03/2023","63","QUINDIO","63130","CALARCA","1"
"19/03/2023","63","QUINDIO","63130","CALARCA","1"
"19/03/2023","63","QUINDIO","63130","CALARCA","1"
"22/03/2023","63","QUINDIO","63130","CALARCA","1"
"22/03/2023","63","QUINDIO","63130","CALARCA","1"
"27/03/2023","63","QUINDIO","63130","CALARCA","1"
"27/03/2023","63","QUINDIO","63130","CALARCA","1"
"28/03/2023","63","QUINDIO","63130","CALARCA","1"
"28/03/2023","63","QUINDIO","63130","CALARCA","1"
"28/03/2023","63","QUINDIO","63130","CALARCA","1"
"03/04/2023","63","QUINDIO","63130","CALARCA","1"
"10/04/2023","63","QUINDIO","63130","CALARCA","1"
"16/04/2023","63","QUINDIO","63130","CALARCA","1"
"16/04/2023","63","QUINDIO","63130","CALARCA","1"
"16/04/2023","63","QUINDIO","63130","CALARCA","1"
"16/04/2023","63","QUINDIO","63130","CALARCA","1"
"16/04/2023","63","QUINDIO","63130","CALARCA","1"
"26/04/2023","63","QUINDIO","63130","CALARCA","1"
"03/05/2023","63","QUINDIO","63130","CALARCA","1"
"10/05/2023","63","QUINDIO","63130","CALARCA","1"
"12/05/2023","63","QUINDIO","63130","CALARCA","1"
"14/05/2023","63","QUINDIO","63130","CALARCA","1"
"16/05/2023","63","QUINDIO","63130","CALARCA","1"
"23/05/2023","63","QUINDIO","63130","CALARCA","1"
"23/05/2023","63","QUINDIO","63130","CALARCA","1"
"23/05/2023","63","QUINDIO","63130","CALARCA","1"
"25/05/2023","63","QUINDIO","63130","CALARCA","1"
"30/05/2023","63","QUINDIO","63130","CALARCA","1"
"30/05/2023","63","QUINDIO","63130","CALARCA","1"
"03/06/2023","63","QUINDIO","63130","CALARCA","1"
"03/06/2023","63","QUINDIO","63130","CALARCA","1"
"03/06/2023","63","QUINDIO","63130","CALARCA","1"
"04/06/2023","63","QUINDIO","63130","CALARCA","1"
"04/06/2023","63","QUINDIO","63130","CALARCA","1"
"09/06/2023","63","QUINDIO","63130","CALARCA","1"
"09/06/2023","63","QUINDIO","63130","CALARCA","1"
"09/06/2023","63","QUINDIO","63130","CALARCA","1"
"10/06/2023","63","QUINDIO","63130","CALARCA","1"
"10/06/2023","63","QUINDIO","63130","CALARCA","1"
"12/06/2023","63","QUINDIO","63130","CALARCA","1"
"12/06/2023","63","QUINDIO","63130","CALARCA","1"
"13/06/2023","63","QUINDIO","63130","CALARCA","1"
"14/06/2023","63","QUINDIO","63130","CALARCA","1"
"14/06/2023","63","QUINDIO","63130","CALARCA","1"
"15/06/2023","63","QUINDIO","63130","CALARCA","1"
"16/06/2023","63","QUINDIO","63130","CALARCA","1"
"16/06/2023","63","QUINDIO","63130","CALARCA","1"
"21/06/2023","63","QUINDIO","63130","CALARCA","1"
"30/06/2023","63","QUINDIO","63130","CALARCA","1"
"03/07/2023","63","QUINDIO","63130","CALARCA","1"
"05/07/2023","63","QUINDIO","63130","CALARCA","1"
"05/07/2023","63","QUINDIO","63130","CALARCA","1"
"05/07/2023","63","QUINDIO","63130","CALARCA","1"
"05/07/2023","63","QUINDIO","63130","CALARCA","1"
"17/07/2023","63","QUINDIO","63130","CALARCA","1"
"25/07/2023","63","QUINDIO","63130","CALARCA","1"
"25/07/2023","63","QUINDIO","63130","CALARCA","1"
"27/07/2023","63","QUINDIO","63130","CALARCA","1"
"30/07/2023","63","QUINDIO","63130","CALARCA","1"
"05/08/2023","63","QUINDIO","63130","CALARCA","1"
"07/08/2023","63","QUINDIO","63130","CALARCA","1"
"07/08/2023","63","QUINDIO","63130","CALARCA","1"
"07/08/2023","63","QUINDIO","63130","CALARCA","1"
"13/08/2023","63","QUINDIO","63130","CALARCA","1"
"13/08/2023","63","QUINDIO","63130","CALARCA","1"
"13/08/2023","63","QUINDIO","63130","CALARCA","1"
"16/08/2023","63","QUINDIO","63130","CALARCA","1"
"16/08/2023","63","QUINDIO","63130","CALARCA","1"
"16/08/2023","63","QUINDIO","63130","CALARCA","1"
"16/08/2023","63","QUINDIO","63130","CALARCA","1"
"23/08/2023","63","QUINDIO","63130","CALARCA","1"
"27/08/2023","63","QUINDIO","63130","CALARCA","1"
"29/08/2023","63","QUINDIO","63130","CALARCA","1"
"09/09/2023","63","QUINDIO","63130","CALARCA","1"
"16/09/2023","63","QUINDIO","63130","CALARCA","1"
"21/09/2023","63","QUINDIO","63130","CALARCA","1"
"28/09/2023","63","QUINDIO","63130","CALARCA","1"
"01/10/2023","63","QUINDIO","63130","CALARCA","1"
"01/10/2023","63","QUINDIO","63130","CALARCA","1"
"01/10/2023","63","QUINDIO","63130","CALARCA","1"
"04/10/2023","63","QUINDIO","63130","CALARCA","1"
"09/10/2023","63","QUINDIO","63130","CALARCA","1"
"09/10/2023","63","QUINDIO","63130","CALARCA","1"
"11/10/2023","63","QUINDIO","63130","CALARCA","1"
"19/10/2023","63","QUINDIO","63130","CALARCA","1"
"21/10/2023","63","QUINDIO","63130","CALARCA","1"
"04/11/2023","63","QUINDIO","63130","CALARCA","1"
"05/11/2023","63","QUINDIO","63130","CALARCA","1"
"05/11/2023","63","QUINDIO","63130","CALARCA","1"
"05/11/2023","63","QUINDIO","63130","CALARCA","1"
"05/11/2023","63","QUINDIO","63130","CALARCA","1"
"05/11/2023","63","QUINDIO","63130","CALARCA","1"
"05/11/2023","63","QUINDIO","63130","CALARCA","1"
"05/11/2023","63","QUINDIO","63130","CALARCA","1"
"05/11/2023","63","QUINDIO","63130","CALARCA","1"
"05/11/2023","63","QUINDIO","63130","CALARCA","1"
"05/11/2023","63","QUINDIO","63130","CALARCA","1"
"05/11/2023","63","QUINDIO","63130","CALARCA","1"
"05/11/2023","63","QUINDIO","63130","CALARCA","1"
"05/11/2023","63","QUINDIO","63130","CALARCA","1"
"05/11/2023","63","QUINDIO","63130","CALARCA","1"
"15/11/2023","63","QUINDIO","63130","CALARCA","1"
"15/11/2023","63","QUINDIO","63130","CALARCA","1"
"22/11/2023","63","QUINDIO","63130","CALARCA","1"
"25/11/2023","63","QUINDIO","63130","CALARCA","1"
"28/11/2023","63","QUINDIO","63130","CALARCA","1"
"28/11/2023","63","QUINDIO","63130","CALARCA","1"
"01/12/2023","63","QUINDIO","63130","CALARCA","1"
"01/12/2023","63","QUINDIO","63130","CALARCA","1"
"14/12/2023","63","QUINDIO","63130","CALARCA","1"
"14/12/2023","63","QUINDIO","63130","CALARCA","1"
"14/12/2023","63","QUINDIO","63130","CALARCA","1"
"14/12/2023","63","QUINDIO","63130","CALARCA","1"
"14/12/2023","63","QUINDIO","63130","CALARCA","1"
"14/12/2023","63","QUINDIO","63130","CALARCA","1"
"14/12/2023","63","QUINDIO","63130","CALARCA","1"
"14/12/2023","63","QUINDIO","63130","CALARCA","1"
"14/12/2023","63","QUINDIO","63130","CALARCA","1"
"14/12/2023","63","QUINDIO","63130","CALARCA","1"
"14/12/2023","63","QUINDIO","63130","CALARCA","1"
"14/12/2023","63","QUINDIO","63130","CALARCA","1"
"14/12/2023","63","QUINDIO","63130","CALARCA","1"
"14/12/2023","63","QUINDIO","63130","CALARCA","1"
"14/12/2023","63","QUINDIO","63130","CALARCA","1"
"14/12/2023","63","QUINDIO","63130","CALARCA","1"
"14/12/2023","63","QUINDIO","63130","CALARCA","1"
"14/12/2023","63","QUINDIO","63130","CALARCA","1"
"14/12/2023","63","QUINDIO","63130","CALARCA","1"
"14/12/2023","63","QUINDIO","63130","CALARCA","1"
"14/12/2023","63","QUINDIO","63130","CALARCA","1"
"14/12/2023","63","QUINDIO","63130","CALARCA","1"
"17/12/2023","63","QUINDIO","63130","CALARCA","1"
"17/12/2023","63","QUINDIO","63130","CALARCA","1"
"26/12/2023","63","QUINDIO","63130","CALARCA","1"
"29/12/2023","63","QUINDIO","63130","CALARCA","1"
"29/12/2023","63","QUINDIO","63130","CALARCA","1"
"29/12/2023","63","QUINDIO","63130","CALARCA","1"
"11/01/2024","63","QUINDIO","63130","CALARCA","1"
"12/01/2024","63","QUINDIO","63130","CALARCA","1"
"17/01/2024","63","QUINDIO","63130","CALARCA","1"
"22/01/2024","63","QUINDIO","63130","CALARCA","1"
"31/01/2024","63","QUINDIO","63130","CALARCA","1"
"01/02/2024","63","QUINDIO","63130","CALARCA","1"
"01/02/2024","63","QUINDIO","63130","CALARCA","1"
"14/02/2024","63","QUINDIO","63130","CALARCA","1"
"19/02/2024","63","QUINDIO","63130","CALARCA","1"
"19/02/2024","63","QUINDIO","63130","CALARCA","1"
"21/02/2024","63","QUINDIO","63130","CALARCA","1"
"23/02/2024","63","QUINDIO","63130","CALARCA","1"
"28/02/2024","63","QUINDIO","63130","CALARCA","1"
"03/03/2024","63","QUINDIO","63130","CALARCA","1"
"09/03/2024","63","QUINDIO","63130","CALARCA","1"
"09/03/2024","63","QUINDIO","63130","CALARCA","1"
"11/03/2024","63","QUINDIO","63130","CALARCA","1"
"11/03/2024","63","QUINDIO","63130","CALARCA","1"
"12/03/2024","63","QUINDIO","63130","CALARCA","1"
"12/03/2024","63","QUINDIO","63130","CALARCA","1"
"16/03/2024","63","QUINDIO","63130","CALARCA","1"
"19/03/2024","63","QUINDIO","63130","CALARCA","1"
"19/03/2024","63","QUINDIO","63130","CALARCA","1"
"23/03/2024","63","QUINDIO","63130","CALARCA","1"
"23/03/2024","63","QUINDIO","63130","CALARCA","1"
"24/03/2024","63","QUINDIO","63130","CALARCA","1"
"26/03/2024","63","QUINDIO","63130","CALARCA","1"
"27/03/2024","63","QUINDIO","63130","CALARCA","1"
"29/03/2024","63","QUINDIO","63130","CALARCA","1"
"29/03/2024","63","QUINDIO","63130","CALARCA","1"
"31/03/2024","63","QUINDIO","63130","CALARCA","1"
"31/03/2024","63","QUINDIO","63130","CALARCA","1"
"06/04/2024","63","QUINDIO","63130","CALARCA","1"
"06/04/2024","63","QUINDIO","63130","CALARCA","1"
"06/04/2024","63","QUINDIO","63130","CALARCA","1"
"16/04/2024","63","QUINDIO","63130","CALARCA","1"
"16/04/2024","63","QUINDIO","63130","CALARCA","1"
"18/04/2024","63","QUINDIO","63130","CALARCA","1"
"18/04/2024","63","QUINDIO","63130","CALARCA","1"
"19/04/2024","63","QUINDIO","63130","CALARCA","1"
"19/04/2024","63","QUINDIO","63130","CALARCA","1"
"20/04/2024","63","QUINDIO","63130","CALARCA","1"
"22/04/2024","63","QUINDIO","63130","CALARCA","1"
"22/04/2024","63","QUINDIO","63130","CALARCA","1"
"23/04/2024","63","QUINDIO","63130","CALARCA","1"
"27/04/2024","63","QUINDIO","63130","CALARCA","1"
"05/05/2024","63","QUINDIO","63130","CALARCA","1"
"07/05/2024","63","QUINDIO","63130","CALARCA","1"
"13/05/2024","63","QUINDIO","63130","CALARCA","1"
"18/05/2024","63","QUINDIO","63130","CALARCA","1"
"18/05/2024","63","QUINDIO","63130","CALARCA","1"
"27/05/2024","63","QUINDIO","63130","CALARCA","1"
"27/05/2024","63","QUINDIO","63130","CALARCA","1"
"30/05/2024","63","QUINDIO","63130","CALARCA","1"
"30/05/2024","63","QUINDIO","63130","CALARCA","1"
"09/06/2024","63","QUINDIO","63130","CALARCA","1"
"10/06/2024","63","QUINDIO","63130","CALARCA","1"
"15/06/2024","63","QUINDIO","63130","CALARCA","1"
"16/06/2024","63","QUINDIO","63130","CALARCA","2"
"22/06/2024","63","QUINDIO","63130","CALARCA","1"
"24/06/2024","63","QUINDIO","63130","CALARCA","1"
"28/06/2024","63","QUINDIO","63130","CALARCA","1"
"29/06/2024","63","QUINDIO","63130","CALARCA","1"
"06/07/2024","63","QUINDIO","63130","CALARCA","1"
"07/07/2024","63","QUINDIO","63130","CALARCA","1"
"15/07/2024","63","QUINDIO","63130","CALARCA","1"
"15/07/2024","63","QUINDIO","63130","CALARCA","1"
"15/07/2024","63","QUINDIO","63130","CALARCA","1"
"15/07/2024","63","QUINDIO","63130","CALARCA","1"
"20/07/2024","63","QUINDIO","63130","CALARCA","1"
"01/08/2024","63","QUINDIO","63130","CALARCA","1"
"05/08/2024","63","QUINDIO","63130","CALARCA","1"
"17/08/2024","63","QUINDIO","63130","CALARCA","1"
"20/08/2024","63","QUINDIO","63130","CALARCA","1"
"25/08/2024","63","QUINDIO","63130","CALARCA","1"
"25/08/2024","63","QUINDIO","63130","CALARCA","1"
"25/08/2024","63","QUINDIO","63130","CALARCA","1"
"25/08/2024","63","QUINDIO","63130","CALARCA","1"
"25/08/2024","63","QUINDIO","63130","CALARCA","1"
"26/08/2024","63","QUINDIO","63130","CALARCA","1"
"07/09/2024","63","QUINDIO","63130","CALARCA","1"
"07/09/2024","63","QUINDIO","63130","CALARCA","1"
"07/09/2024","63","QUINDIO","63130","CALARCA","1"
"07/09/2024","63","QUINDIO","63130","CALARCA","1"
"07/09/2024","63","QUINDIO","63130","CALARCA","1"
"12/09/2024","63","QUINDIO","63130","CALARCA","1"
"14/09/2024","63","QUINDIO","63130","CALARCA","1"
"16/09/2024","63","QUINDIO","63130","CALARCA","1"
"17/09/2024","63","QUINDIO","63130","CALARCA","1"
"17/09/2024","63","QUINDIO","63130","CALARCA","1"
"17/09/2024","63","QUINDIO","63130","CALARCA","1"
"17/09/2024","63","QUINDIO","63130","CALARCA","1"
"19/09/2024","63","QUINDIO","63130","CALARCA","1"
"20/09/2024","63","QUINDIO","63130","CALARCA","1"
"21/09/2024","63","QUINDIO","63130","CALARCA","1"
"21/09/2024","63","QUINDIO","63130","CALARCA","1"
"23/09/2024","63","QUINDIO","63130","CALARCA","1"
"27/09/2024","63","QUINDIO","63130","CALARCA","1"
"27/09/2024","63","QUINDIO","63130","CALARCA","1"
"03/10/2024","63","QUINDIO","63130","CALARCA","1"
"12/10/2024","63","QUINDIO","63130","CALARCA","1"
"12/10/2024","63","QUINDIO","63130","CALARCA","1"
"19/10/2024","63","QUINDIO","63130","CALARCA","1"
"22/10/2024","63","QUINDIO","63130","CALARCA","1"
"25/10/2024","63","QUINDIO","63130","CALARCA","1"
"29/10/2024","63","QUINDIO","63130","CALARCA","1"
"29/10/2024","63","QUINDIO","63130","CALARCA","1"
"01/11/2024","63","QUINDIO","63130","CALARCA","1"
"01/11/2024","63","QUINDIO","63130","CALARCA","1"
"02/11/2024","63","QUINDIO","63130","CALARCA","1"
"02/11/2024","63","QUINDIO","63130","CALARCA","1"
"04/11/2024","63","QUINDIO","63130","CALARCA","1"
"04/11/2024","63","QUINDIO","63130","CALARCA","1"
"09/11/2024","63","QUINDIO","63130","CALARCA","1"
"09/11/2024","63","QUINDIO","63130","CALARCA","1"
"10/11/2024","63","QUINDIO","63130","CALARCA","1"
"19/11/2024","63","QUINDIO","63130","CALARCA","1"
"19/11/2024","63","QUINDIO","63130","CALARCA","1"
"21/11/2024","63","QUINDIO","63130","CALARCA","1"
"25/11/2024","63","QUINDIO","63130","CALARCA","1"
"28/11/2024","63","QUINDIO","63130","CALARCA","1"
"30/11/2024","63","QUINDIO","63130","CALARCA","1"
"30/11/2024","63","QUINDIO","63130","CALARCA","1"
"04/12/2024","63","QUINDIO","63130","CALARCA","1"
"04/12/2024","63","QUINDIO","63130","CALARCA","1"
"09/12/2024","63","QUINDIO","63130","CALARCA","1"
"13/12/2024","63","QUINDIO","63130","CALARCA","1"
"13/12/2024","63","QUINDIO","63130","CALARCA","1"
"14/12/2024","63","QUINDIO","63130","CALARCA","1"
"14/12/2024","63","QUINDIO","63130","CALARCA","1"
"15/12/2024","63","QUINDIO","63130","CALARCA","1"
"15/12/2024","63","QUINDIO","63130","CALARCA","1"
"15/12/2024","63","QUINDIO","63130","CALARCA","1"
"16/12/2024","63","QUINDIO","63130","CALARCA","1"
"17/12/2024","63","QUINDIO","63130","CALARCA","1"
"17/12/2024","63","QUINDIO","63130","CALARCA","1"
"25/12/2024","63","QUINDIO","63130","CALARCA","1"
"25/12/2024","63","QUINDIO","63130","CALARCA","1"
"25/12/2024","63","QUINDIO","63130","CALARCA","1"
"25/12/2024","63","QUINDIO","63130","CALARCA","1"
"01/01/2025","63","QUINDIO","63130","CALARCA","1"
"01/01/2025","63","QUINDIO","63130","CALARCA","1"
"08/01/2025","63","QUINDIO","63130","CALARCA","1"
"12/01/2025","63","QUINDIO","63130","CALARCA","1"
"13/01/2025","63","QUINDIO","63130","CALARCA","1"
"17/01/2025","63","QUINDIO","63130","CALARCA","1"
"29/01/2025","63","QUINDIO","63130","CALARCA","1"
"31/01/2025","63","QUINDIO","63130","CALARCA","1"
"02/02/2025","63","QUINDIO","63130","CALARCA","1"
"03/02/2025","63","QUINDIO","63130","CALARCA","1"
"04/02/2025","63","QUINDIO","63130","CALARCA","1"
"04/02/2025","63","QUINDIO","63130","CALARCA","1"
"04/02/2025","63","QUINDIO","63130","CALARCA","1"
"13/02/2025","63","QUINDIO","63130","CALARCA","1"
"13/02/2025","63","QUINDIO","63130","CALARCA","1"
"14/02/2025","63","QUINDIO","63130","CALARCA","1"
"14/02/2025","63","QUINDIO","63130","CALARCA","1"
"14/02/2025","63","QUINDIO","63130","CALARCA","1"
"19/02/2025","63","QUINDIO","63130","CALARCA","1"
"21/02/2025","63","QUINDIO","63130","CALARCA","1"
"26/02/2025","63","QUINDIO","63130","CALARCA","1"
"05/03/2025","63","QUINDIO","63130","CALARCA","1"
"15/03/2025","63","QUINDIO","63130","CALARCA","1"
"15/03/2025","63","QUINDIO","63130","CALARCA","1"
"15/03/2025","63","QUINDIO","63130","CALARCA","1"
"15/03/2025","63","QUINDIO","63130","CALARCA","1"
"15/03/2025","63","QUINDIO","63130","CALARCA","1"
"15/03/2025","63","QUINDIO","63130","CALARCA","1"
"15/03/2025","63","QUINDIO","63130","CALARCA","1"
"15/03/2025","63","QUINDIO","63130","CALARCA","1"
"15/03/2025","63","QUINDIO","63130","CALARCA","1"
"15/03/2025","63","QUINDIO","63130","CALARCA","1"
"15/03/2025","63","QUINDIO","63130","CALARCA","1"
"15/03/2025","63","QUINDIO","63130","CALARCA","1"
"15/03/2025","63","QUINDIO","63130","CALARCA","1"
"15/03/2025","63","QUINDIO","63130","CALARCA","1"
"15/03/2025","63","QUINDIO","63130","CALARCA","1"
"15/03/2025","63","QUINDIO","63130","CALARCA","1"
"15/03/2025","63","QUINDIO","63130","CALARCA","1"
"15/03/2025","63","QUINDIO","63130","CALARCA","1"
"15/03/2025","63","QUINDIO","63130","CALARCA","1"
"18/03/2025","63","QUINDIO","63130","CALARCA","1"
"19/03/2025","63","QUINDIO","63130","CALARCA","1"
"23/03/2025","63","QUINDIO","63130","CALARCA","1"
"23/03/2025","63","QUINDIO","63130","CALARCA","1"
"26/03/2025","63","QUINDIO","63130","CALARCA","1"
"26/03/2025","63","QUINDIO","63130","CALARCA","1"
"26/03/2025","63","QUINDIO","63130","CALARCA","1"
"26/03/2025","63","QUINDIO","63130","CALARCA","1"
"26/03/2025","63","QUINDIO","63130","CALARCA","1"
"26/03/2025","63","QUINDIO","63130","CALARCA","1"
"30/03/2025","63","QUINDIO","63130","CALARCA","1"
"30/03/2025","63","QUINDIO","63130","CALARCA","1"
"30/03/2025","63","QUINDIO","63130","CALARCA","1"
"02/04/2025","63","QUINDIO","63130","CALARCA","1"
"02/04/2025","63","QUINDIO","63130","CALARCA","1"
"05/04/2025","63","QUINDIO","63130","CALARCA","1"
"05/04/2025","63","QUINDIO","63130","CALARCA","1"
"06/04/2025","63","QUINDIO","63130","CALARCA","1"
"07/04/2025","63","QUINDIO","63130","CALARCA","1"
"10/04/2025","63","QUINDIO","63130","CALARCA","1"
"11/04/2025","63","QUINDIO","63130","CALARCA","1"
"17/04/2025","63","QUINDIO","63130","CALARCA","1"
"17/04/2025","63","QUINDIO","63130","CALARCA","1"
"17/04/2025","63","QUINDIO","63130","CALARCA","1"
"17/04/2025","63","QUINDIO","63130","CALARCA","1"
"19/04/2025","63","QUINDIO","63130","CALARCA","1"
"19/04/2025","63","QUINDIO","63130","CALARCA","1"
"19/04/2025","63","QUINDIO","63130","CALARCA","1"
"30/04/2025","63","QUINDIO","63130","CALARCA","1"
"30/04/2025","63","QUINDIO","63130","CALARCA","1"
"03/05/2025","63","QUINDIO","63130","CALARCA","1"
"08/05/2025","63","QUINDIO","63130","CALARCA","1"
"08/05/2025","63","QUINDIO","63130","CALARCA","1"
"11/05/2025","63","QUINDIO","63130","CALARCA","1"
"11/05/2025","63","QUINDIO","63130","CALARCA","1"
"20/05/2025","63","QUINDIO","63130","CALARCA","1"
"24/05/2025","63","QUINDIO","63130","CALARCA","1"
"02/06/2025","63","QUINDIO","63130","CALARCA","1"
"02/06/2025","63","QUINDIO","63130","CALARCA","1"
"05/06/2025","63","QUINDIO","63130","CALARCA","1"
"07/06/2025","63","QUINDIO","63130","CALARCA","1"
"07/06/2025","63","QUINDIO","63130","CALARCA","1"
"09/06/2025","63","QUINDIO","63130","CALARCA","1"
"15/06/2025","63","QUINDIO","63130","CALARCA","1"
"15/06/2025","63","QUINDIO","63130","CALARCA","1"
"18/06/2025","63","QUINDIO","63130","CALARCA","1"
"18/06/2025","63","QUINDIO","63130","CALARCA","1"
"24/06/2025","63","QUINDIO","63130","CALARCA","1"
"28/06/2025","63","QUINDIO","63130","CALARCA","1"
"02/07/2025","63","QUINDIO","63130","CALARCA","1"
"06/07/2025","63","QUINDIO","63130","CALARCA","1"
"08/07/2025","63","QUINDIO","63130","CALARCA","1"
"08/07/2025","63","QUINDIO","63130","CALARCA","1"
"09/07/2025","63","QUINDIO","63130","CALARCA","1"
"09/07/2025","63","QUINDIO","63130","CALARCA","1"
"10/07/2025","63","QUINDIO","63130","CALARCA","1"
"11/07/2025","63","QUINDIO","63130","CALARCA","1"
"14/07/2025","63","QUINDIO","63130","CALARCA","1"
"16/07/2025","63","QUINDIO","63130","CALARCA","1"
"27/07/2025","63","QUINDIO","63130","CALARCA","1"
"29/07/2025","63","QUINDIO","63130","CALARCA","1"
"05/08/2025","63","QUINDIO","63130","CALARCA","1"
"07/08/2025","63","QUINDIO","63130","CALARCA","1"
"07/08/2025","63","QUINDIO","63130","CALARCA","1"
"09/08/2025","63","QUINDIO","63130","CALARCA","1"
"10/08/2025","63","QUINDIO","63130","CALARCA","1"
"11/08/2025","63","QUINDIO","63130","CALARCA","1"
"17/08/2025","63","QUINDIO","63130","CALARCA","1"
"17/08/2025","63","QUINDIO","63130","CALARCA","1"
"17/08/2025","63","QUINDIO","63130","CALARCA","1"
"17/08/2025","63","QUINDIO","63130","CALARCA","1"
"19/08/2025","63","QUINDIO","63130","CALARCA","1"
"19/08/2025","63","QUINDIO","63130","CALARCA","1"
"21/08/2025","63","QUINDIO","63130","CALARCA","1"
"21/08/2025","63","QUINDIO","63130","CALARCA","1"
"23/08/2025","63","QUINDIO","63130","CALARCA","1"
"24/08/2025","63","QUINDIO","63130","CALARCA","2"
"29/08/2025","63","QUINDIO","63130","CALARCA","1"
"29/08/2025","63","QUINDIO","63130","CALARCA","1"
"29/08/2025","63","QUINDIO","63130","CALARCA","1"
"08/09/2025","63","QUINDIO","63130","CALARCA","1"
"08/09/2025","63","QUINDIO","63130","CALARCA","1"
"08/09/2025","63","QUINDIO","63130","CALARCA","1"
"10/09/2025","63","QUINDIO","63130","CALARCA","1"
"10/09/2025","63","QUINDIO","63130","CALARCA","1"
"11/09/2025","63","QUINDIO","63130","CALARCA","1"
"11/09/2025","63","QUINDIO","63130","CALARCA","1"
"12/09/2025","63","QUINDIO","63130","CALARCA","1"
"15/09/2025","63","QUINDIO","63130","CALARCA","1"
"15/09/2025","63","QUINDIO","63130","CALARCA","1"
"20/09/2025","63","QUINDIO","63130","CALARCA","1"
"21/09/2025","63","QUINDIO","63130","CALARCA","1"
"21/09/2025","63","QUINDIO","63130","CALARCA","1"
"21/09/2025","63","QUINDIO","63130","CALARCA","1"
"28/09/2025","63","QUINDIO","63130","CALARCA","1"
"29/09/2025","63","QUINDIO","63130","CALARCA","1"
"08/10/2025","63","QUINDIO","63130","CALARCA","1"
"10/10/2025","63","QUINDIO","63130","CALARCA","1"
